the proportionate amount of BOD removed from water at the fishery,the proportionate amount of BOD removed from water at the city,the DO level in the city,the DO level at the municipality border,the percent return on investment at the fishery,the addition to the tax rate of city,BOD removed form the water close to the ideal value of 0.65
0.9407756147060997,0.8111913266159083,-6.205560645382846,-3.0741050084392976,-4.745592395222724,1.2623835939030998,0.2907756147060997
0.5630371410461659,0.7829432238248518,-5.348094310174797,-3.027970168882062,-7.291487787424948,1.0525790033971,0.1329432238248518
0.80673996755746,0.7429569796530444,-5.901299726355434,-3.0105788650307,-6.593316278470068,0.8243371120773346,0.15673996755746
0.788255026088211,0.38427439868696567,-5.85933890922024,-2.8858240057562217,-6.695023110818197,0.058747947901090614,0.26572560131303435
0.42695256058102987,0.8440866348780462,-5.039182312518938,-3.0807632579869666,-7.4278131582716105,1.5829267705380627,0.22304743941897015
0.8389909948086562,0.45727236745057287,-5.97450955821565,-2.902933536875252,-6.371070111011256,0.1297920763639413,0.19272763254942715
0.509781721205761,0.32623574320512133,-5.227204507137078,-2.8643898519178395,-7.354704646275711,0.016036037996770447,0.3237642567948787
0.42684194839684353,0.4619466776143708,-5.038931222860835,-2.885294479395925,-7.427894530049673,0.1351337347543573,0.2231580516031565
0.8429139201971867,0.3584672798001473,-5.983414598847614,-2.8849854510711825,-6.339098146960071,0.038438681825729404,0.2915327201998527
0.8666862311592081,0.3133405723818944,-6.037377744731403,-2.8801513157070633,-6.114708359680736,0.007919824219558613,0.33665942761810563
0.5773166742407936,0.8382071784650516,-5.380508850526602,-3.0799685954504543,-7.271722110197269,1.5180030382567824,0.18820717846505153
0.7371906622102817,0.7924610216729417,-5.74342280321734,-3.0434755233602213,-6.910942102064244,1.117897210039212,0.14246102167294172
0.5901868582652594,0.8797713882262612,-5.409724168262139,-3.131912080599223,-7.252713157789604,2.0779525290020966,0.2297713882262612
0.5792956530461291,0.4125571615110898,-5.385001132414713,-2.881056576307173,-7.268875360801744,0.08370902438360495,0.23744283848891024
0.6124814284594249,0.7706832470429268,-5.460332842602895,-3.020503633229091,-7.216807564480525,0.9752991875225312,0.12068324704292677
0.870115647262151,0.7012848422838419,-6.045162519285083,-2.989930977525452,-6.07721945383895,0.6448155969543725,0.22011564726215094
0.8402808973525315,0.7884268371343943,-5.977437636990247,-3.0460286165002404,-6.360694987205341,1.0896041678533606,0.1902808973525315
0.4881137687033327,0.8627921732882464,-5.178018254956566,-3.105273187678028,-7.3764171287444205,1.8178608426286416,0.2127921732882464
0.9207398814082661,0.7881782779233278,-6.160079530796764,-3.0520590567810064,-5.278999114378517,1.087890769504635,0.2707398814082661
0.37455821483512025,0.5221626397624246,-4.920247147675723,-2.8981752139460255,-7.462400329606973,0.21453292896799336,0.27544178516487977
0.6850233320686883,0.6050021078148999,-5.6250029637959225,-2.9364881681189554,-7.066209477167488,0.3660173099274613,0.044997892185100086
0.3202655713893378,0.40447119500988005,-4.797002847053797,-2.8700825903276415,-7.490961662050318,0.07626601564558522,0.3297344286106622
0.7960627876665977,0.6674853342876101,-5.877062528003177,-2.968094843308705,-6.653951703925072,0.5296115225331672,0.14606278766659764
0.9954300521069981,0.9624276179625442,-6.329626218282886,-3.32109050966944,-1.0468938486977155,4.903201247587642,0.34543005210699806
0.4526604615563054,0.7777683262140633,-5.097539247732813,-3.0197016970404786,-7.407829400060118,1.019069563406949,0.19733953844369462
0.6685216324109141,0.662416055823763,-5.587544105572775,-2.959296974966978,-7.105936283093498,0.5141902253809849,0.01852163241091409
0.5634719039377913,0.3888887327321435,-5.349081221938786,-2.876182522013088,-7.290905451036862,0.0626195415517996,0.2611112672678565
0.9563229688347683,0.6997180633404876,-6.2408531392549245,-2.996904153816746,-4.1631795246072585,0.6389483401373357,0.3063229688347683
0.90511943853239,0.5044131450801768,-6.124621125468526,-2.9189474980229946,-5.587739911760671,0.18891991244096018,0.25511943853238994
0.9160242804032472,0.7961750026105866,-6.149375116515372,-3.058326457267654,-5.380181886057672,1.1447768195866108,0.2660242804032472
0.6816079324132525,0.6595109368261571,-5.617250006578083,-2.958565688000741,-7.0747458646394685,0.5055474430912719,0.03160793241325244
0.7362620976069796,0.6566192434194791,-5.741314961567844,-2.9598882557579125,-6.914185955194178,0.4970817278924835,0.08626209760697956
0.6764912928029561,0.7223868086158903,-5.60563523466271,-2.991027448814487,-7.087221002513107,0.729672916519406,0.07238680861589031
0.9655120771741128,0.7050063006170363,-6.261712415185237,-3.0008687319080654,-3.7102467242555264,0.6589795233659466,0.3155120771741128
0.5201986660494043,0.647978289632783,-5.250850971932148,-2.946737711568541,-7.343505291602301,0.47257039732148565,0.12980133395059568
0.716941699021234,0.48449896716246277,-5.697457656778202,-2.9022954602554534,-6.977349555450928,0.1624646975571542,0.16550103283753725
0.43316439220687225,0.42660910005665276,-5.053283170309601,-2.8781874404376833,-7.42318184978548,0.09726327808638802,0.22339089994334727
0.7089184409381791,0.6920758163420695,-5.679244860929667,-2.9756747284570095,-7.0013549070799845,0.6111148841320062,0.058918440938179106
0.38343127838747704,0.8781917524491525,-4.9403890019395735,-3.1219375212083067,-7.457068169419152,2.0514883959852925,0.266568721612523
0.9987086667920086,0.8229180983304794,-6.3370686736178605,-3.092764066555225,-0.5410397529601738,1.365548701107807,0.3487086667920086
0.7554445132290162,0.4517604907831432,-5.784859045029867,-2.896873801410758,-6.842784334283593,0.12362851236902483,0.19823950921685685
0.37685119728225075,0.7806440918468369,-4.92545221783071,-3.019253659591109,-7.461041559972929,1.0375247261838056,0.2731488027177493
0.31773755246909813,0.9388655096237237,-4.791264244104853,-3.2260010240693995,-7.492134235524258,3.643619825024799,0.3322624475309019
0.862740042948632,0.7356933480382999,-6.028419897493395,-3.009542391246624,-6.1560750289355655,0.7894136350159691,0.21274004294863202
0.42196779683978913,0.47977413712171346,-5.027866898826321,-2.8891672739588454,-7.431442720562702,0.15651694324895304,0.2280322031602109
0.36373383812671767,0.4699912460175961,-4.895675812547649,-2.8848687171396006,-7.468638708534421,0.14458049795777028,0.28626616187328235
0.48887267537923934,0.8207049270606217,-5.1797409731108734,-3.0585034381230654,-7.375690865035667,1.3452351116017347,0.17070492706062168
0.6177928406288811,0.43019635381541244,-5.4723897482275605,-2.886031973015046,-7.207645180624322,0.10085424957619704,0.2198036461845876
0.9117513665983847,0.3794478999473334,-6.139675602178334,-2.8936066276107635,-5.465608512432168,0.05477846054949853,0.2705521000526666
0.4073560540172001,0.8044966315498101,-4.9946982426190445,-3.0403654264370026,-7.441652493473893,1.2080942936264027,0.24264394598279992
0.3837240614645264,0.8826408106333108,-4.941053619524475,-3.1282535758397403,-7.456888784591729,2.1273607369989973,0.2662759385354736
0.7528022766295965,0.7248032923822608,-5.778861167949184,-2.9961836514266964,-6.853196468462846,0.7401375721250063,0.10280227662959651
0.38561498638390046,0.79516244080254,-4.945346019091454,-3.031454105707585,-7.455724865966201,1.137367247542615,0.26438501361609956
0.8036099746204322,0.7245651300739324,-5.894194642388381,-2.9988553063738466,-6.611660503432934,0.7390988884308267,0.15360997462043213
0.54582922821724,0.6447756365344222,-5.309032348053135,-2.9463519397127875,-7.313615092885103,0.4637738646235854,0.10417077178276002
0.42367061349326884,0.9453122563852492,-5.03173229262972,-3.244247302005867,-7.430211426804612,3.928363577177765,0.29531225638524916
0.9984712427557056,0.3504439857771493,-6.336529721055452,-2.8991492145077715,-0.5801182468839308,0.03256710659732309,0.3484712427557056
0.8638125619916739,0.3064685575319956,-6.0308545157211,-2.8790435750810324,-6.145013164274242,0.003780890029213002,0.34353144246800443
0.304043264985549,0.6227406245307973,-4.7601782115171964,-2.9286261035662586,-7.498261716620383,0.40714332987954505,0.345956735014451
0.8412178366476142,0.9846271674853189,-5.979564489190085,-3.373004796461565,-6.353075029642076,7.006187447684922,0.33462716748531884
0.9799909551283201,0.9470029015579231,-6.294579468141287,-3.279906677812776,-2.732354220479288,4.009316941136298,0.3299909551283201
0.6247436961123178,0.8003254727863109,-5.488168190174962,-3.0450298544578716,-7.195272609915454,1.1758054683158932,0.15032547278631092
0.464657919254448,0.6637354371495555,-5.124773476707597,-2.9517023104822333,-7.397729468925025,0.5181618459738333,0.18534208074555203
0.7201612932265276,0.5445056571310986,-5.704766135624218,-2.9183161763662584,-6.967367654115531,0.24980914867970605,0.10549434286890147
0.3230345905952999,0.5451200620061911,-4.803288520651331,-2.9028846894072133,-7.48966218222075,0.25083070203464386,0.32696540940470015
0.41117864613246563,0.35351129710384327,-5.003375526720697,-2.8647446194331936,-7.43904198492254,0.034787971300221265,0.29648870289615675
0.9681961503618386,0.38148449769896287,-6.267805261321374,-2.899836883845661,-3.557197814325784,0.056443538623302425,0.31819615036183857
0.6392994239303424,0.6347853261189502,-5.521209692321878,-2.9460020047557465,-7.167868910062987,0.43728312031139405,0.0152146738810498
0.5339502171955703,0.9054281116028029,-5.282066993033945,-3.1693089270563486,-7.327899738771173,2.592924618568147,0.2554281116028029
0.8793611042601781,0.9434798914929601,-6.066149706670604,-3.2616503623180284,-5.968300944374807,3.8437061950718503,0.29347989149296005
0.9968340444201478,0.6042715008971258,-6.332813280833736,-2.9599465311597175,-0.8388820164333453,0.3644010699742959,0.34683404442014776
0.7480414692047044,0.860211296016288,-5.76805413509468,-3.1131998939648176,-6.871473334905961,1.7825709265412204,0.21021129601628796
0.9805399872853444,0.532976264128262,-6.295825771137732,-2.9346740594062632,-2.686484866135447,0.2311611349005167,0.3305399872853444
0.7155210792395279,0.7898904213022829,-5.694232849873728,-3.0402601044485573,-6.981689169164797,1.0997626295004013,0.1398904213022829
0.9577642779506392,0.9015267456444735,-6.244124910947951,-3.1876250115583953,-4.098529055797429,2.5025848086258446,0.3077642779506392
0.4794746265801234,0.7961493211604518,-5.158407402336881,-3.0356757818825892,-7.3845185094756385,1.144588127795216,0.1705253734198766
0.5100384149274346,0.7532043814895062,-5.227787201885277,-3.0038763241094633,-7.354434841468234,0.8766767365181622,0.1399615850725654
0.6631669208040937,0.6801658474313083,-5.575388910225293,-2.9675162526805994,-7.118044480400729,0.5701867105424621,0.030165847431308235
0.8447582632220945,0.42337637940956835,-5.987601257514155,-2.896374589877117,-6.323626011983585,0.09407348518168157,0.22662362059043167
0.7895121063730545,0.532665689338339,-5.862192481466834,-2.918564296532662,-6.688584362420428,0.23067217978028265,0.13951210637305445
0.5456842575837139,0.8086930964975421,-5.308703264715031,-3.049300106566392,-7.313794134139336,1.2417567117518762,0.15869309649754204
0.9256660265326755,0.667149834334152,-6.171261880229174,-2.9773598776723635,-5.164650987129433,0.5285772661713262,0.27566602653267547
0.5462615038542252,0.36486523244000557,-5.310013613749092,-2.871533559558231,-7.313080517293203,0.04326755657243164,0.28513476755999445
0.8115935866900859,0.44204670607181545,-5.912317441786495,-2.897993921568849,-6.563874544771872,0.11311164446127076,0.20795329392818457
0.9970801718720192,0.48126807619688716,-6.333371990149484,-2.9237832048218215,-0.8011340747953231,0.1583844430025143,0.3470801718720192
0.40967759464454956,0.3561837810979763,-4.999968139843128,-2.865100868987181,-7.440072098546748,0.03674695632728531,0.2938162189020237
0.8577488746488942,0.6748303957579187,-6.01708994545299,-2.975504943195065,-6.205861131663239,0.5527545608950082,0.20774887464889413
0.5688188422247051,0.9847345843993771,-5.361218771850081,-3.359915817965284,-7.283645356867551,7.020195927637933,0.3347345843993771
0.9035243237227759,0.6159185338063137,-6.121000214850701,-2.9536968459077984,-5.615386092308867,0.3908866803453057,0.2535243237227759
0.7325949317086637,0.5393295589770097,-5.732990494978667,-2.9174283114126274,-6.926800989429263,0.24131600141494514,0.11067044102299028
0.405763980100852,0.6360826510185151,-4.991084234828934,-2.9375007161403426,-7.442727390647635,0.4406442883443771,0.244236019899148
0.4514757799752157,0.9410530900351044,-5.09485002054374,-3.2355393918864026,-7.4087989839650925,3.736234773438172,0.2910530900351044
0.6973982404153323,0.7225650915004236,-5.653094005742805,-2.992101722294852,-7.033793876431037,0.7304393845673964,0.07256509150042356
0.5046593918635363,0.9091640990145275,-5.215576819530227,-3.1745930171912224,-7.360025216086195,2.684361338297828,0.2591640990145275
0.6990207492736233,0.8640567622253059,-5.656777100851126,-3.115614621999531,-7.029362440186883,1.8355255498653924,0.2140567622253059
0.5251148636736837,0.7455440201242605,-5.262010740539262,-2.9992803978271105,-7.338036621621248,0.8372004759152314,0.12488513632631637
0.31898085509670104,0.35333061486937367,-4.794086541069512,-2.861523130261959,-7.491559192760833,0.03465633669002899,0.331019144903299
0.5992560200117909,0.34380519247653984,-5.430311165426765,-2.8704406380336884,-7.238584546171185,0.027859627461559233,0.3061948075234602
0.4188486753818923,0.5695856082703706,-5.020786493116896,-2.913729434801808,-7.433675311289083,0.29396397138997554,0.23115132461810772
0.9195746999310959,0.4066456531794289,-6.157434568843588,-2.8990596831632827,-5.304716790011605,0.07824268205138973,0.26957469993109584
0.5083047980289461,0.9900730399401303,-5.223851891525708,-3.3760315919374073,-7.356251077198786,7.786724202750487,0.3400730399401303
0.522461381077642,0.846750029232683,-5.255987335046248,-3.0873168207038413,-7.34100322812772,1.613627267198825,0.19675002923268303
0.805092654270291,0.928870260851681,-5.897560325193561,-3.225254402745565,-6.603031889468053,3.26535139657328,0.278870260851681
0.7138478453310955,0.9572944070597253,-5.690434608901587,-3.285382297416482,-6.986750514468211,4.570354733582306,0.3072944070597253
0.792023433453215,0.6580200219089151,-5.867893193938798,-2.9635089003490998,-6.675524708685602,0.501165751339115,0.142023433453215
0.5763188668369452,0.7233521013756001,-5.378243827719865,-2.9873255637224068,-7.273147257697922,0.7338334693231583,0.0736811331630548
0.3720224824712395,0.49131701962164953,-4.914491035209714,-2.89016260017913,-7.463887617938267,0.17126492807441895,0.27797751752876054
0.5792645602340707,0.9300652197759993,-5.38493055173134,-3.2169146053802384,-7.2689202967399495,3.3070708632848724,0.2800652197759993
0.4528908965648827,0.93639589232111,-5.098062335202284,-3.2253641207524337,-7.407640235802725,3.543601484138767,0.28639589232110996
0.9674713969502338,0.7825429306465783,-6.2661600710770315,-3.0524907672240955,-3.5995833283554965,1.0499384686501196,0.31747139695023374
0.6308904214859723,0.6166627219291227,-5.502121256773157,-2.9384508283803936,-7.183954745992649,0.39263260634434305,0.033337278070877274
0.47398930120246985,0.4287194117672992,-5.145955713729607,-2.8800903385285856,-7.389507700833972,0.09936918324537158,0.2212805882327008
0.7113446590318235,0.6116598762187712,-5.68475237600224,-2.9401986365071844,-6.994223209251087,0.38102149182501477,0.06134465903182351
0.6010744042569203,0.6435273061209696,-5.43443889766321,-2.9480408702259995,-7.235674921203367,0.4603860181411117,0.04892559574307975
0.48030720348631717,0.3347332444554322,-5.160297351913941,-2.8644800357397284,-7.383750870724783,0.021641609534855055,0.31526675554456784
0.4767064771417743,0.987751202852218,-5.152123703111828,-3.3666863561217397,-7.38705102193005,7.435456705750174,0.33775120285221794
0.6804449967455153,0.48810205370151016,-5.61461014261232,-2.901434689198771,-7.077613863423698,0.16708283343919605,0.16189794629848986
0.5541259028329932,0.5975932143206757,-5.327865799430895,-2.928259068054996,-7.303166866001277,0.34989646529322704,0.09587409716700679
0.4421602843291438,0.7119492610746345,-5.073703845427157,-2.975577047538853,-7.416255407637765,0.6862930762958352,0.20783971567085624
0.6894322792250518,0.8576042102020303,-5.635011273840868,-3.107122446878395,-7.054933328052949,1.7479247690905098,0.20760421020203024
0.4092930905420271,0.6912092477785574,-4.999095315530402,-2.963147588128165,-7.4403349212188035,0.6080387298518124,0.2407069094579729
0.46743450179318785,0.8743071510914691,-5.131076319070536,-3.1195948093702426,-7.395317340725478,1.9885206216303768,0.22430715109146904
0.6777538538803749,0.47567942491529513,-5.6085012483084515,-2.8983833440995084,-7.084176924614791,0.15145961967903143,0.1743205750847049
0.8260206800527914,0.44343000738613614,-5.945066943719837,-2.899168664602527,-6.4684800083608325,0.11458296589067585,0.20656999261386388
0.7835113095890197,0.790964831545744,-5.8485706727670745,-3.044687108536947,-6.71874806531353,1.10729637476221,0.14096483154574402
0.48959633742588743,0.9423895838302991,-5.181383685956765,-3.2399555021415454,-7.374996096682047,3.794785030571096,0.2923895838302991
0.6850329740755206,0.32185166108002367,-5.625024851151432,-2.8710558407391815,-7.066185135533265,0.01322465518815974,0.32814833891997636
0.6871489530841752,0.9905216646297768,-5.629828123501078,-3.3850554420280385,-7.0608097157784355,7.8581127645023665,0.34052166462977673
0.35959181751122277,0.6432167744098501,-4.886273425750476,-2.9388755842917815,-7.470950725827477,0.45954678427441364,0.29040818248877726
0.7297665257671015,0.3338336714120722,-5.726570013491321,-2.8748721534843185,-6.9363221901955985,0.021038287763289754,0.3161663285879278
0.7249786530163287,0.6413607587855383,-5.715701542347066,-2.9526879457730772,-6.952040198831258,0.4545597572018909,0.07497865301632867
0.47331286689057517,0.6887703888068071,-5.1444202078416055,-2.9642069684011214,-7.390114833150393,0.5994659668177278,0.17668713310942485
0.8824875708850821,0.7291073381183535,-6.073246785909136,-3.0069040153960884,-5.928623998964271,0.759190043110678,0.2324875708850821
0.5267773410204101,0.49264946599677656,-5.2657845641163314,-2.896129307904355,-7.336159904406532,0.17301541533688813,0.15735053400322346
0.916358824428152,0.8435340016331483,-6.150134531451905,-3.104717934594032,-5.373250969905432,1.5766601018647286,0.26635882442815195
0.6030527035667184,0.39810694006533276,-5.438929637096451,-2.8794004093316263,-7.232479443699091,0.07058379329848496,0.25189305993466726
0.5232057186813437,0.7296646980950035,-5.25767698140665,-2.9890657308401902,-7.340174608341224,0.7616969174506014,0.12679428131865633
0.9512646199981387,0.5151332145087391,-6.229370687395775,-2.926207651168715,-4.374144837730164,0.20414750015038807,0.3012646199981387
0.5529264938384538,0.5555447800233763,-5.325143141013291,-2.9143473245860685,-7.304702175673119,0.26861128941241175,0.0970735061615462
0.9472364101497119,0.9590674217366533,-6.220226651039846,-3.3059333631347254,-4.526341839472769,4.680765038291068,0.30906742173665325
0.7778553216345205,0.6015876337469753,-5.835731580110362,-2.939909810359302,-6.745904665447778,0.35851411565557423,0.1278553216345205
0.7349891999374247,0.39122834302869064,-5.738425483857954,-2.884175763868354,-6.918599885837612,0.06461161541580851,0.2587716569713094
0.5172535065975855,0.9142327210004826,-5.24416545997652,-3.184053144738654,-7.346724387654553,2.8168728657177615,0.26423272100048256
0.9631536405377155,0.499884554666458,-6.256358764020614,-2.9236528863964213,-3.8363300154575954,0.18270011408770137,0.31315364053771544
0.560613729560969,0.5059096891110246,-5.3425931661034,-2.9007701161346886,-7.294712142353427,0.19100269787888013,0.1440903108889754
0.9347200088239771,0.5260181962021597,-6.191814420030428,-2.9273985745347204,-4.927499274170769,0.22036919541981215,0.2847200088239771
0.9374703901249282,0.9223081140517617,-6.198057785583588,-3.2223614444930138,-4.847449857444783,3.050900579018821,0.28747039012492814
0.9579051149581623,0.8286671823689913,-6.2444446109550285,-3.093032211567938,-4.092095478864764,1.4202988562959162,0.3079051149581623
0.8281090796883905,0.878816948284769,-5.9498076108926465,-3.1423071854874443,-6.453597458150478,2.061901501141657,0.22881694828476895
0.6644896091958209,0.7579385443706507,-5.578391412874514,-3.0134962538907124,-7.115087357684603,0.9021642944368515,0.10793854437065065
0.8633490531464469,0.6334874906193044,-6.029802350642434,-2.957513743585674,-6.149810026133938,0.433943549170386,0.21334905314644692
0.45696880966919695,0.30554911274555535,-5.107319197949077,-2.8596534327476943,-7.404261788468435,0.003236726129927203,0.34445088725444467
0.9637587659438316,0.6436814966912463,-6.257732398692498,-2.9709501269414242,-3.8046874455411936,0.46080324851086596,0.31375876594383156
0.8529887798307219,0.7463540648331819,-6.006284530215739,-3.0157763824366546,-6.25089367616798,0.8412757200689616,0.20298877983072183
0.8061901401524514,0.9430134299223103,-5.900051618146065,-3.255688893951022,-6.5965743274654205,3.8226468596843883,0.2930134299223103
0.6302650368104104,0.9078419466627206,-5.500701633559632,-3.177338798079174,-7.185122888480057,2.651425649528685,0.25784194666272053
0.6899484141615504,0.4184334056708888,-5.63618290014672,-2.8869395476676347,-7.053593939869435,0.08927953923470588,0.2315665943291112
0.9236564626317041,0.8887007748831397,-6.166700170173969,-3.163934867718092,-5.212432745856882,2.237751631812265,0.27365646263170407
0.8711311886830166,0.94410457876769,-6.047467798310448,-3.2624650377272126,-6.06582994409219,3.872217740241613,0.29410457876769003
0.8914938580389014,0.3253725887544218,-6.093691057748306,-2.8836729696976886,-5.8051662251412575,0.01547822665096199,0.3246274112455782
0.5821051851370276,0.6390995024717718,-5.391378770261053,-2.9453969752657096,-7.264787138060264,0.44855025760585776,0.06789481486297244
0.9108870938125084,0.7896963808043305,-6.137713702954395,-3.052419516695084,-5.482217715233678,1.0984089573897329,0.2608870938125084
0.9240954247975515,0.6968663998602975,-6.167696614290442,-2.9920352359828577,-5.20213267987287,0.6284119504296419,0.27409542479755145
0.6830841378279462,0.5438736079219183,-5.620600992869438,-2.9163721216992924,-7.071077178989315,0.24876125477604694,0.10612639207808172
0.7649896078488126,0.5838334000806047,-5.806526409816805,-2.933000827419096,-6.803477021546718,0.3214718798912055,0.11498960784881262
0.5916142791071264,0.5133809489814786,-5.412964413573177,-2.903957270288987,-7.250530874221743,0.2016088265082714,0.13661905101852145
0.6353620444599901,0.47674968131111506,-5.5122718409241775,-2.8967525668277583,-7.175489716763038,0.15277287593365885,0.17325031868888496
0.6894930137986661,0.46973666997139973,-5.635149141322972,-2.897566615517974,-7.054775932790156,0.14427653291081155,0.1802633300286003
0.7580650955891584,0.8955946848869867,-5.79080776698739,-3.1632007558810558,-6.83226160409432,2.374373467956062,0.24559468488698666
0.3515273902209927,0.5575842399290472,-4.867967175801653,-2.9076032279671296,-7.4753362308090985,0.27219128158615025,0.2984726097790073
0.7089041708972459,0.7937678828159325,-5.679212467936749,-3.0431825403688877,-7.001396533723817,1.1272625860822059,0.14376788281593245
0.5764131306070358,0.5141279623781578,-5.378457806477972,-2.903536370789976,-7.273012913243759,0.2026886831484207,0.1358720376218422
0.3917086568421295,0.4818967895605698,-4.9591786510316345,-2.888593713934518,-7.451910055021288,0.15917397695597058,0.2582913431578705
0.5924193503057811,0.6619282891969287,-5.414791925194123,-2.955810820428509,-7.249293326968409,0.5127293329632858,0.057580649694218944
0.7288835299233517,0.7480675484491751,-5.724565612926009,-3.009746853376365,-6.939258272983386,0.8499720081180948,0.09806754844917509
0.312813272273331,0.9475610389823439,-4.780086128060462,-3.2456720785800726,-7.494380855925096,4.036666874398776,0.337186727726669
0.9488308266953451,0.425686964158666,-6.223845976598433,-2.905580434647155,-4.467644071242005,0.09634894438069486,0.2988308266953451
0.9072698000655488,0.7291349600123713,-6.129502446148797,-3.00894459117597,-5.549443967414894,0.7593140629075108,0.2572698000655488
0.8602165549704828,0.6274163800277505,-6.022691579782997,-2.9548381977453575,-6.181587822385733,0.4186196760333014,0.21021655497048275
0.41521374953187823,0.40583630943353666,-5.012535211437364,-2.8736246533516807,-7.436240298880949,0.07750483810302478,0.24416369056646336
0.4576062158689336,0.4124970825796432,-5.108766110022479,-2.876381073906671,-7.403728388972233,0.0836527813233936,0.23750291742035684
0.958503402058708,0.6392631713069635,-6.245802722673267,-2.9684632044663926,-4.064528473414804,0.44898279820589204,0.30850340205870797
0.38379006303062935,0.8034381631971479,-4.941203443079528,-3.038591401819255,-7.4568483154647645,1.1997926268276098,0.2662099369693707
0.9756106970144276,0.3894237462620908,-6.284636282222751,-2.902136281250354,-3.0719146015565624,0.06307334561833433,0.3256106970144276
0.7243338697490385,0.5191764860223849,-5.714237884330318,-2.911417875767264,-6.95411957235568,0.21008134705005221,0.13082351397761516
0.8728057138791119,0.8245868334432636,-6.051268970505584,-3.0810957047402887,-6.0467520854778085,1.3811404850701767,0.22280571387911186
0.783170888706026,0.9442805569977588,-5.847797917362679,-3.257262266832428,-6.720416674292218,3.8803142592594826,0.2942805569977588
0.7278523228218956,0.677769662774085,-5.722224772805704,-2.9693786125489203,-6.942665623888982,0.5622913783238619,0.07785232282189558
0.36806806410916637,0.5125870381575632,-4.905514505527808,-2.8953982502018327,-7.466175238551483,0.20046508921247086,0.28193193589083365
0.4785699844405915,0.3724697075752056,-5.156353864680143,-2.8701770881749993,-7.3853494720777135,0.04918111248726209,0.27753029242479443
0.8650732195888997,0.44667097797513167,-6.033716208466803,-2.9024686045115318,-6.1318396562625,0.11806415564883088,0.2150732195888997
0.7703504470022191,0.7130150583547703,-5.818695514695038,-2.990211497715765,-6.780163263166896,0.6905919455603138,0.12035044700221909
0.8811854921473494,0.7959699649032888,-6.070291067174484,-3.0552534263003155,-5.945334822427085,1.1432714383838287,0.2311854921473494
0.6024244192379434,0.8415578044006338,-5.437503431670132,-3.084664526195113,-7.2334976974582395,1.554534126084178,0.19155780440063375
0.5055029476683215,0.9371265435789624,-5.2174916912070906,-3.2288958581190483,-7.359157251538917,3.5727097049563366,0.2871265435789624
0.8806643092504471,0.9676634090383447,-6.069107981998515,-3.32338396261217,-5.951948431900842,5.288880131995988,0.31766340903834467
0.4730381637636792,0.851865582159429,-5.143796631743552,-3.091389234665736,-7.390360888729502,1.6750097334204948,0.20186558215942896
0.3402591815342566,0.5962056631499212,-4.842388342082763,-2.919964092891082,-7.481214601186045,0.346942520331762,0.3097408184657434
0.6602500184734874,0.9686409925891832,-5.568767541934816,-3.313768448674188,-7.124489130636412,5.366835317487722,0.3186409925891832
0.7764852237941667,0.3717812314559153,-5.832621458012759,-2.8830944921247315,-6.752306067602098,0.04863781037043058,0.2782187685440847
0.7462129150095114,0.36695075149572765,-5.763903317071591,-2.8807055294442185,-6.878332902238725,0.04487032807171065,0.2830492485042724
0.7413847051427798,0.8505835963696042,-5.75294328067411,-3.101260467245804,-6.896033712933047,1.6593185148823886,0.2005835963696042
0.8879373828087547,0.7689667635882927,-6.085617858975874,-3.0342557182754044,-5.855632581771583,0.9650431645694095,0.23793738280875465
0.49818890923428716,0.6586491406629351,-5.200888823961832,-2.9506247191431876,-7.366577082129768,0.5030102779454149,0.15181109076571286
0.8524020642282555,0.414255671178359,-6.00495268579814,-2.8951569189111757,-6.256287687267967,0.0853050007842222,0.23574432882164104
0.7019954181642032,0.9165091063118957,-5.663529599232741,-3.1959793803570085,-7.021123396500183,2.8798301559049695,0.2665091063118957
0.8811800921288508,0.4293000318251142,-6.070278809132492,-2.900138554816687,-5.945403565307172,0.09995189183601139,0.23118009212885082
0.9919658667875226,0.6357014539542315,-6.321762517607677,-2.971398860179253,-1.5121217949960455,0.43965427662153567,0.3419658667875226
0.6273907804114203,0.32839163796833304,-5.494177071533924,-2.8694062329069063,-7.190442896794414,0.017438547481500866,0.321608362031667
0.831997029754495,0.5612284570212958,-5.958633257542704,-2.9295795208969,-6.4250979994818715,0.2786735256864348,0.18199702975449494
0.9350906872611906,0.6333595068867588,-6.192655860082903,-2.963495544912613,-4.916947143835769,0.43361545701525483,0.2850906872611906
0.4445482659269355,0.8492184026310488,-5.079124563654144,-3.087253170727811,-7.414371999851895,1.642838525431353,0.2054517340730645
0.8266857620204182,0.8748520804864495,-5.94657667978635,-3.1367314580663996,-6.46377194857769,1.9971778717752886,0.22485208048644945
0.6519651412175176,0.779605150580666,-5.5499608705637655,-3.029040251881062,-7.14223682318414,1.0308098857570518,0.12960515058066602
0.5325317369872471,0.5308808508493527,-5.2788470429610515,-2.906349491037324,-7.329554513444166,0.22787547059039448,0.11911914915064736
0.5920771170415737,0.45167561867192935,-5.414015055684373,-2.8893697607524764,-7.249820000027663,0.12353473145144811,0.19832438132807068
0.31434898533472105,0.5435320195650258,-4.783572196709817,-2.902125430529784,-7.493685483689243,0.24819618589142345,0.33565101466527897
0.8904360741161472,0.4561808671234954,-6.091289888243654,-2.906412443501228,-5.82042204325759,0.12856000751891128,0.2404360741161472
0.5944683391334954,0.765280339585136,-5.419443129833034,-3.0157603296582467,-7.246121540447433,0.94345516072132,0.11528033958513595
0.9363868632658991,0.8718261048780807,-6.195598179613592,-3.141266006596952,-4.879475601283339,1.9498029920837605,0.2863868632658991
0.782190591555646,0.5064673734318698,-5.845572642831317,-2.9111147065609244,-6.725196892306719,0.1917823596904118,0.14353262656813026
0.8025618736319391,0.7395160106156582,-5.891815453144502,-3.008096793221412,-6.617694875934268,0.8075779689667701,0.15256187363193907
0.36368130501403395,0.7162593185347783,-4.8955565623818575,-2.9752723689720417,-7.468668288632387,0.7038572073402578,0.28631869498596607
0.9565960215338127,0.5253065068258439,-6.241472968881755,-2.9295469999616213,-4.151095615131991,0.21928428845160486,0.3065960215338127
0.5465931467418547,0.5839399533779583,-5.3107664431040105,-2.9232233161310988,-7.312669669887449,0.32168476462775986,0.10340685325814536
0.38719298982308553,0.8708447391919927,-4.9489280868984045,-3.1120586982216007,-7.454746404369762,1.9347972754120537,0.2628070101769145
0.3739381749083011,0.4586766752197684,-4.918839657041843,-2.882710702308108,-7.462765484431468,0.1313856945655656,0.2760618250916989
0.5311802074727242,0.9735539763875747,-5.275779070963084,-3.322870318568505,-7.3311213460817255,5.791403577036446,0.32355397638757466
0.7109244542578621,0.5827654959335817,-5.683798511165348,-2.9298974931901047,-6.995466142731657,0.31934433304539445,0.06723450406641829
0.5357612062678482,0.9867101319335574,-5.286177938228016,-3.365329255925777,-7.3257715676731365,7.287201937416362,0.33671013193355737
0.6044380178213515,0.9494924306836898,-5.442074300454468,-3.2610523519085763,-7.230222987533,4.133807666127109,0.2994924306836898
0.707847281517846,0.999980030495053,-5.676813329045511,-3.4216362204177075,-7.0044692818898,9.70193530124769,0.349980030495053
0.7444157862789573,0.40646857598272496,-5.759823834853234,-2.8873670732778844,-6.884990308223615,0.07808103302213887,0.24353142401727507
0.7514123615377413,0.5410430905092893,-5.775706060690673,-2.918884096801751,-6.858595824353856,0.24410543629916437,0.10895690949071068
0.6390233432265167,0.9912068766357836,-5.520582989124193,-3.385361967066,-7.168408467920523,7.969490977624997,0.34120687663578353
0.7160462081405015,0.42807088152453787,-5.695424892478939,-2.8900422211969814,-6.980089607119603,0.0987200079358197,0.22192911847546215
0.7949815397833314,0.5506534106417451,-5.8746080953081625,-2.9240996718658625,-6.659796387689457,0.26016192305561403,0.1449815397833314
0.5516546539441411,0.3156654245841486,-5.3222560644532,-2.8645678869078495,-7.306320916902111,0.00934904220274424,0.33433457541585143
0.3507659099660141,0.7235413191986355,-4.866238615622852,-2.9791119303149043,-7.47574253922121,0.7346520822718805,0.29923409003398593
0.7162029028638888,0.35205154983973275,-5.695780589501028,-2.876884581858714,-6.979611274058584,0.03372739985302731,0.2979484501602673
0.643428130804377,0.9292042315842144,-5.530581856925936,-3.2178473765191837,-7.159704515658471,3.276923538635738,0.27920423158421437
0.754803776756194,0.6892600566947336,-5.78340457323656,-2.9765177188285072,-6.845327267706599,0.601177232000115,0.10480377675619401
0.8680333852832298,0.7227183827580459,-6.0404357845929315,-3.0019561695548305,-6.100157699393657,0.7310991170330747,0.2180333852832298
0.8391930469288036,0.6814292400433836,-5.974968216528384,-2.977481956534125,-6.36945368223683,0.5743939417254786,0.18919304692880357
0.6064115839086971,0.6622467686520841,-5.446554295472742,-2.9565345835384313,-7.226981289493265,0.5136827491665563,0.04358841609130293
0.7653249907723911,0.5021759059350906,-5.8072877290533285,-2.9090990240022583,-6.802045497091816,0.18583172269365678,0.14782409406490937
0.6696283178695593,0.7796591787220158,-5.5900562815639,-3.02986945906545,-7.103387926617408,1.0311577453579117,0.12965917872201582
0.5515614439731407,0.792542340206488,-5.32204447781903,-3.035372193594327,-7.3064391764562036,1.1184770628798146,0.14254234020648793
0.7494875524572404,0.5997912674120741,-5.771336744077936,-2.937745168122395,-6.8659862594631536,0.35461749734538484,0.09948755245724039
0.6992987047152165,0.8580127543321019,-5.657408059703542,-3.108084239710092,-7.028598890679151,1.7532891640909471,0.20801275433210187
0.8923213549752935,0.6458858641681532,-6.0955694757939165,-2.9649072938890644,-5.793082389258934,0.46680607354575954,0.2423213549752935
0.7597883409596206,0.5496948092382634,-5.7947195339783395,-2.921868842285994,-6.825233113928681,0.2585283067366222,0.10978834095962053
0.4940864204830414,0.37106905092448195,-5.191576174496504,-2.8705286282443856,-7.370636062472074,0.048077473356376466,0.2789309490755181
0.3150000040096625,0.466665180505871,-4.785050009101934,-2.882454455137697,-7.493389264151578,0.14063519235242583,0.33499999599033753
0.4697177456578321,0.8710860456843179,-5.136259282643279,-3.115343219619029,-7.393312182485607,1.938471077819965,0.2210860456843179
0.8171245056528214,0.6574826022188667,-5.924872627831904,-2.9647529628882956,-6.528760786990318,0.49959515002839416,0.16712450565282133
0.439788874086794,0.9344895015806631,-5.068320744177023,-3.2208152677183692,-7.418106973609769,3.46948730779481,0.2844895015806631
0.6652361959736333,0.5877058693424553,-5.580086164860148,-2.9294565010487807,-7.113408521274225,0.32927970042091115,0.062294130657544744
0.7451590597560838,0.4664992787367013,-5.76151106564631,-2.899554637358724,-6.882246909116321,0.14043987191562612,0.18350072126329875
0.5478211458874604,0.3991652547723801,-5.313554001164535,-2.8773633890500716,-7.311142932091607,0.0715181450348481,0.25083474522761995
0.7417285217025913,0.9794792588043804,-5.7537237442648825,-3.3504177882244806,-6.894792571638364,6.389542149903102,0.32947925880438034
0.5832207431462066,0.8602521555179523,-5.393911086941889,-3.1057892455692837,-7.263148463429031,1.7831218233374866,0.2102521555179523
0.8798604500048564,0.6898798133747266,-6.067283221511024,-2.9846351741372543,-5.962066117709227,0.6033502673860813,0.22986045000485633
0.8523151441957746,0.99922803358658,-6.0047553773244084,-3.4268229782781274,-6.2570839530697535,9.526836427038901,0.34922803358657994
0.6970117117632887,0.7810138289964152,-5.652216585702666,-3.0321972432843816,-7.034843160516358,1.0399275071428762,0.13101382899641523
0.5888167877247196,0.4431166795883774,-5.406614108135114,-2.887442313785475,-7.254793520578068,0.11424894456757606,0.2068833204116226
0.639364421369988,0.3369990237181025,-5.521357236509873,-2.8711425882917494,-7.167741767204001,0.023171727505760242,0.31300097628189755
0.45942962446439495,0.658282199417813,-5.112905247534177,-2.9490203860268673,-7.402194478033605,0.5019336553961782,0.19057037553560507
0.34867989342303235,0.6314864342045619,-4.8615033580702836,-2.933629775246232,-7.476848794584782,0.42883889025561595,0.3013201065769677
0.4100908608697911,0.7051043349988447,-5.000906254174426,-2.9706003011854025,-7.439789140229838,0.6593570471706975,0.23990913913020895
0.6957124092806695,0.8761913076418018,-5.6492671690671195,-3.131524197238607,-7.038352374619783,2.018694954958127,0.22619130764180173
0.8192770926076378,0.7208434624375043,-5.929759000219338,-2.99758272248887,-6.514619499714463,0.72307459074753,0.1692770926076378
0.6419467751839953,0.7166666071691199,-5.52721917966767,-2.9861314388446893,-7.162654585052769,0.7055419222488786,0.06666660716911987
0.5878856517822748,0.5578462785844851,-5.404500429545764,-2.9164532802906575,-7.256199491069153,0.2726537220999845,0.09215372141551492
0.5491249081046615,0.7163203510664533,-5.3165135413975815,-2.982107488947959,-7.309512534134628,0.7041093851439311,0.1008750918953385
0.5670963901116772,0.5266525432815626,-5.357308805553508,-2.906535411755559,-7.286004107635205,0.22133912614724083,0.12334745671843739
0.6031231789174387,0.9789791235697485,-5.439089616142586,-3.3425058088863895,-7.23236502627502,6.334839721667966,0.32897912356974846
0.40082546172886074,0.8550551592611271,-4.9798737981245145,-3.092577969510228,-7.446016094463291,1.714983825791148,0.24917453827113928
0.9379920023267694,0.8520026769088411,-6.199241845281767,-3.116526104138373,-4.831798497716708,1.6767002856456519,0.28799200232676936
0.4283392474377105,0.737241852914041,-5.042330091683603,-2.9902944466426757,-7.426789810619261,0.796715248905288,0.2216607525622895
0.5093762844080443,0.7747304544990625,-5.226284165606261,-3.019467759116477,-7.355130168686956,1.0000127873919362,0.14062371559195574
0.35695870853914125,0.5928773877544247,-4.880296268383851,-2.919365786445158,-7.472399337553174,0.33993862662546914,0.2930412914608588
0.9655989533910356,0.6226671741778945,-6.261909624197651,-2.962589454332595,-3.705457234892827,0.4069652537293389,0.3155989533910356
0.8668034054575842,0.8746446208980416,-6.037643730388716,-3.1391574452183844,-6.113451622016189,1.99387535509335,0.2246446208980416
0.4563859312354063,0.8464779793918817,-5.105996063904373,-3.0845342503920716,-7.40474829059308,1.61045296698925,0.19647797939188172
0.3711607717434918,0.4912898575361473,-4.912534951857727,-2.8901260506461823,-7.464389400295119,0.1712293496537467,0.2788392282565082
0.6926276281864787,0.9718714200746821,-5.642264715983307,-3.3246542021387917,-7.046574750974759,5.639482884062972,0.32187142007468206
0.36775445157429165,0.5733050268314768,-4.904802605073642,-2.9131349159752484,-7.466355019811224,0.30096556306921163,0.28224554842570837
0.45753155866119727,0.44603184630935994,-5.108596638160918,-2.882993799565292,-7.40379093920348,0.11737385695696512,0.20396815369064009
0.9490158635563752,0.605277223586171,-6.224266010272972,-2.954082433990136,-4.460704129349322,0.3666274478838538,0.2990158635563752
0.9163357510814032,0.3858632745856857,-6.150082154954786,-2.895097490739677,-5.373730163274537,0.060072548417639204,0.26633575108140317
0.9543756544577098,0.5917747911532916,-6.236432735619001,-2.9498526133881486,-4.2472191118505656,0.33764345849793065,0.30437565445770975
0.37841787024268125,0.9875006825508328,-4.929008565450887,-3.3622892746080777,-7.460105551985284,7.399281794895468,0.33750068255083276
0.5293285781885714,0.8209630226027815,-5.271575872488057,-3.060292535399133,-7.333252493139345,1.347582944242399,0.1709630226027815
0.7982962303473513,0.489774493022656,-5.882132442888488,-2.9078716064065704,-6.641712552051655,0.16925108425409374,0.160225506977344
0.7737014982520712,0.36502471145915594,-5.826302401032202,-2.8818572368840965,-6.765107365424564,0.04338961733370428,0.2849752885408441
0.5833181070451967,0.6042847977622692,-5.394132102992597,-2.931840062095181,-7.263005024055859,0.3644304325122756,0.06668189295480331
0.7145288633847199,0.4100917817138876,-5.691980519883314,-2.886542862224256,-6.984696981964661,0.08141271997078592,0.23990821828611242
0.49199994505289435,0.5086646888816636,-5.186839875270071,-2.898835549773714,-7.37267270793146,0.19487299933916136,0.15800005494710567
0.816097275477413,0.46884383601508633,-5.922540815333727,-2.9040418504311694,-6.535413391528637,0.14321310451973157,0.1811561639849137
0.35015763990861987,0.43576940317388413,-4.864857842592567,-2.8770884719226633,-7.476066143333567,0.10654220444142681,0.29984236009138016
0.6611105935640744,0.5169904718697595,-5.57072104739045,-2.9078750526946733,-7.122598634343834,0.20685993514213652,0.13300952813024047
0.9021678258965538,0.3923646719957318,-6.117920964785178,-2.894979265566131,-5.638404740823431,0.06558627930888594,0.25763532800426825
0.40724007560887276,0.8366813622112748,-4.994434971632142,-3.0719248325303763,-7.441731040927512,1.5017638194258258,0.24275992439112726
0.7988513953891263,0.483298955603373,-5.883392667533317,-2.9063531281296013,-6.638634956278083,0.16094255639525934,0.16670104439662703
0.7322064366516523,0.7013562296071871,-5.732108611199251,-2.981743385476454,-6.928119390296591,0.6450842670881067,0.08220643665165228
0.4022960291049702,0.795037232460333,-4.983211986068283,-3.031934234298589,-7.4450439551277405,1.1364552917646673,0.24770397089502982
0.5568635327951532,0.4752021649252276,-5.334080219444998,-2.8931615071945287,-7.299630383931336,0.15087594683710503,0.17479783507477242
0.9906764484560286,0.633233313720876,-6.318835537995185,-2.9701930866130084,-1.6698483888173117,0.4332921711057025,0.3406764484560286
0.37068861964172983,0.591738736289716,-4.911463166586727,-2.919443354310114,-7.464663560080413,0.33756861543299377,0.2793113803582702
0.8582860729965831,0.4824389398714533,-6.018309385702244,-2.9099378677696475,-6.200632480885595,0.15985653050075155,0.20828607299658308
0.43841735164966733,0.7139384536556396,-5.065207388244745,-2.9765760502748035,-7.419169380977512,0.6943398689888263,0.2115826483503327
0.32976408163845905,0.8081923829149387,-4.8185644653193025,-3.0410138827337745,-7.486437287605598,1.2376760518092689,0.32023591836154097
0.8156322486490244,0.8719335597994406,-5.921485204433286,-3.132098846258615,-6.538405012066578,1.9514565354999078,0.22193355979944063
0.3027083209437859,0.9842016157358464,-4.757147888542394,-3.348469178504971,-7.498839152542984,6.951185107881078,0.3472916790562141
0.4281201682222493,0.6840766349780047,-5.041832781864506,-2.960177902738496,-7.4269518857547965,0.5833112022939395,0.22187983177775072
0.39900304376036466,0.8365912329469494,-4.975736909336028,-3.0715368238572487,-7.447212488671028,1.5008121499532323,0.25099695623963536
0.744141195667128,0.8616856978205889,-5.759200514164381,-3.1148381082908148,-6.886000257949263,1.8026077504832858,0.21168569782058888
0.5725570960760067,0.492579087310059,-5.369704608092535,-2.897911386689424,-7.278459528199901,0.17292270182895964,0.15742091268994102
0.9845803164759044,0.9333871823838831,-6.304997318400304,-3.2502511044000983,-2.3228476106716895,3.4278018279591373,0.33458031647590436
0.6332911981001553,0.3319263341382578,-5.507571019687353,-2.870156141009716,-7.179434678546555,0.019766886380007676,0.31807366586174224
0.42079282228659276,0.8881914744983146,-5.025199706590566,-3.137703895671498,-7.432287190449816,2.228141128527777,0.23819147449831457
0.7536753765321514,0.8886354156117295,-5.780843104727984,-3.1522763797744786,-6.849777499133804,2.2365147534392653,0.23863541561172952
0.34307980922243997,0.8145077641540686,-4.848791166934939,-3.0473372818841784,-7.4797698833936455,1.2904724121391578,0.30692019077756005
0.6895841461516921,0.49094712733684553,-5.635356011764341,-2.9025449328910087,-7.054539654361179,0.17078078349371095,0.1590528726631545
0.5774069799546042,0.6683469123634196,-5.380713844496952,-2.9581817137190125,-7.271592792560169,0.532276525270055,0.0725930200453958
0.44289280553684873,0.5170052557500601,-5.0753666685686465,-2.8992148233771635,-7.415679692535654,0.2068816162502427,0.2071071944631513
0.4673050986191204,0.9851884310565246,-5.130782573865403,-3.3575592463086097,-7.3954303967980355,7.0799481363752195,0.3351884310565246
0.8659852584282342,0.39828264639881955,-6.0357865366320915,-2.8931994061707718,-6.122191676101735,0.07073862989526414,0.25171735360118047
0.44555928708894316,0.8049977113850098,-5.081419581691901,-3.04218396104507,-7.413568838714308,1.2120504479256988,0.20444071291105687
0.9950151299870877,0.5144462149984353,-6.328684345070689,-2.9317277151762102,-1.1060851104185963,0.20314982599643128,0.3450151299870877
0.9198538928437567,0.3769250331029732,-6.158068336755328,-2.893919481420148,-5.2985986483671255,0.05273565787715495,0.2730749668970268
0.8312668119259008,0.3158678289571661,-5.956975663071795,-2.8780787359102566,-6.430531253013823,0.00947417216417723,0.33413217104283394
0.930493640235301,0.8034198307941589,-6.182220563334134,-3.0660065964752987,-5.042924530912959,1.1996495000190506,0.280493640235301
0.9583752959650502,0.37899772825869377,-6.245511921840665,-2.8982401475267694,-4.070463623569391,0.054412345851368116,0.3083752959650502
0.4301454921512027,0.8709296700480915,-5.04643026718323,-3.1136951789797953,-7.4254478153501955,1.9360891378000527,0.2209296700480915
0.6980634231244452,0.8039546630205654,-5.6546039704924915,-3.0515106242309598,-7.031982387300108,1.2038342611521684,0.15395466302056537
0.9144209991091699,0.30820940311739015,-6.1457356679778155,-2.8833117480321913,-5.412898985957908,0.00481736801592636,0.3417905968826099
0.4848406640446903,0.8348820535288759,-5.170588307381447,-3.072819349516738,-7.379522194894658,1.4829224112398847,0.18488205352887588
0.51344937831504,0.3274734093922837,-5.235530088775141,-2.8647015326417558,-7.350820423172987,0.016839575142788665,0.3225265906077163
0.7088000026773813,0.32850319733917155,-5.678976006077656,-2.873094095219665,-7.001700287034067,0.017511483491455038,0.3214968026608285
0.8194164627617118,0.9984192943841106,-5.930075370469086,-3.421517900120376,-6.513694417242323,9.344972151254847,0.34841929438411057
0.4103112906149043,0.9035133772632276,-5.001406629695833,-3.161519881369829,-7.439638012860427,2.547956777261466,0.25351337726322754
0.6564796587234485,0.9168636234734873,-5.560208825302229,-3.194547722456314,-7.132666346617311,2.88983871015863,0.26686362347348724
0.482790127839015,0.9512133063886439,-5.165933590194564,-3.260461995562862,-7.3814451452388745,4.223774365616842,0.30121330638864385
0.5327562027924684,0.5941176822567753,-5.279356580338904,-2.926194535692612,-7.329293361902803,0.3425352851817558,0.11724379720753164
0.4403136233498548,0.9052445474355155,-5.0695119250041705,-3.165499371836419,-7.417698857683877,2.588559513457718,0.2552445474355155
0.9039481035768846,0.7844341511128711,-6.121962195119528,-3.047527995790096,-5.608102988783838,1.0624872666657432,0.2539481035768846
0.945203154202926,0.8498851181266056,-6.215611160040643,-3.114797844775313,-4.598440926563468,1.650857513234845,0.295203154202926
0.8434578471278307,0.5000981290597658,-5.984649312980176,-2.9132229297554035,-6.334565117614363,0.18299068048453715,0.19345784712783065
0.6631201445685293,0.8524752255230401,-5.575282728170562,-3.099760002916814,-7.118148657656638,1.6825461668505457,0.2024752255230401
0.6964917011921968,0.5307753872581136,-5.651036161706287,-2.9132515429324553,-7.036250934556376,0.22771092096314027,0.11922461274188645
0.9379599992706302,0.6344335189269723,-6.199169198344331,-2.9642257151511275,-4.832763219062656,0.43637559936842174,0.2879599992706302
0.8199856687550504,0.6472162179339926,-5.931367468073965,-2.9604032453138385,-6.509904112584797,0.4704634565141794,0.1699856687550504
0.8254674800991393,0.7259158577997403,-5.943811179825047,-3.001000577043615,-6.472373901652755,0.7450111617698782,0.17546748009913926
0.6039112071645376,0.8723099090832211,-5.440878440263501,-3.122207213061021,-7.231082915007825,1.9572643543611705,0.22230990908322112
0.4476735961909425,0.6515622907860174,-5.08621906335344,-2.9455983125462035,-7.411878038326811,0.4825968592319716,0.20232640380905753
0.9632930922931271,0.7132279596891908,-6.2566753195053995,-3.0052092101929917,-3.829080082901716,0.6914541433841674,0.3132930922931271
0.7580676916010035,0.46484674283112215,-5.790813659934278,-2.899858471459049,-6.83225108151032,0.13850185373479995,0.18515325716887787
0.9179151676009565,0.7820189741255562,-6.153667430454171,-3.0468279780382086,-5.3405217940116145,1.0464946716657724,0.26791516760095646
0.9705878503243275,0.40689719914612277,-6.273234420236223,-2.9045900702663423,-3.4113806442532884,0.07847251931696797,0.32058785032432746
0.5535522391464116,0.46814697769773284,-5.326563582862354,-2.8914248229760897,-7.303902251442926,0.1423859214096692,0.1818530223022672
0.9306167729220887,0.6975603166812923,-6.1825000745331415,-2.9930306948052467,-5.039683761405147,0.6309590975932744,0.28061677292208864
0.7268123122509563,0.488681986611547,-5.719863948809671,-2.903782305329042,-6.946078759256848,0.16783291013934387,0.16131801338845303
0.8385085136719619,0.5597466860919874,-5.973414326035353,-2.929541651792003,-6.3749169612953915,0.276024478180392,0.18850851367196186
0.35498901820586776,0.8074055167026835,-4.87582507132732,-3.0411602916987883,-7.47347233348559,1.2312988782584524,0.29501098179413227
0.4315643062414841,0.7994848084156185,-5.049650975168169,-3.0368049763762377,-7.4243864645080695,1.1694339086946268,0.2184356937585159
0.7827649125221259,0.38678096933265477,-5.846876351425226,-2.8859413298923227,-6.722400789577774,0.06084167183877143,0.26321903066734526
0.37094050665173156,0.5732488814237374,-4.9120349500994305,-2.913227207463724,-7.464517367919794,0.30085895079243063,0.27905949334826846
0.7503949765878617,0.9885905591317488,-5.773396596854447,-3.381317087222243,-6.8625146009589635,7.5590435732758054,0.33859055913174874
0.5065156681745285,0.7826814046886399,-5.21979056675618,-3.025568632283135,-7.358110961505409,1.050850976011089,0.1434843318254715
0.3666843670810711,0.7926969245303808,-4.902373513274032,-3.028710380788845,-7.466966650548455,1.1195804044755615,0.2833156329189289
0.3854505995903934,0.6348647236547359,-4.944972861070193,-2.936283810340253,-7.455826420893647,0.4374881668189263,0.2645494004096066
0.8609781852065468,0.3783547187229439,-6.024420480418861,-2.889418263048675,-6.173962506864025,0.05389061100870074,0.2716452812770561
0.6601820767986791,0.5253434496862313,-5.568613314333001,-2.910089131292908,-7.124637999118681,0.21934051935555332,0.12465655031376877
0.665658723461823,0.4929300504444443,-5.581045302258339,-2.901936478924136,-7.112455269807831,0.17338532649813598,0.1570699495555557
0.5275337961972068,0.7384432161656369,-5.26750171736766,-2.9947450421584527,-7.335301317847994,0.8024328089392581,0.12246620380279327
0.8412321758067145,0.5031533126040473,-5.979597039081242,-2.913845863844709,-6.3529578577021795,0.1871771607367827,0.19123217580671448
0.7285293793791039,0.6075148855908898,-5.723761691190566,-2.93949527735629,-6.940431077826194,0.37162134214942943,0.07852937937910387
0.4827413109142689,0.6067972608550726,-5.165822775775391,-2.9288618875890946,-7.381490717138597,0.37001368527143863,0.1672586890857311
0.5265169523885297,0.6263318431731044,-5.265193481921963,-2.9379977008744147,-7.3364547745253486,0.41593293905679385,0.12348304761147033
0.7184472625274168,0.6725292467090573,-5.7008752859372365,-2.9663780725612017,-6.972707367755751,0.5453996513934185,0.06844726252741673
0.7487078360216366,0.531916808903363,-5.769566787769115,-2.9161428669435425,-6.868951738867439,0.22949599443541557,0.11808319109663701
0.7012178735580126,0.8533879936136877,-5.661764572976689,-3.1025943560397784,-7.023291457529968,1.6939209726668802,0.20338799361368765
0.6127714990165509,0.6554171296822376,-5.460991302767571,-2.95370906585504,-7.216313533906177,0.49360196529602285,0.0372285009834491
0.6641978915226231,0.8954758579797149,-5.5777292137563546,-3.158472013891444,-7.115741431356549,2.3719104713298167,0.24547585797971483
0.9689878814687045,0.925785519219541,-6.269602490933959,-3.2326902613961845,-3.509958177332684,3.1615660650090662,0.3189878814687045
0.4404087511167273,0.7148727116422671,-5.069727865034971,-2.9771842629661163,-7.417624776288818,0.6981542149134128,0.20959124888327274
0.4938179224714992,0.6899072195957707,-5.190966684010304,-2.965555096435368,-7.370899187444417,0.6034465458853082,0.15618207752850083
0.30792282848418595,0.6299508302275061,-4.768984820659102,-2.9316231537534363,-7.496563756950066,0.42495772586558167,0.34207717151581407
0.9103985424875072,0.7958735514457871,-6.1366046914466414,-3.057567611511588,-5.491510956256933,1.1425644513660806,0.26039854248750716
0.7897524940291539,0.48197623057992345,-5.862738161446179,-2.9055167062374045,-6.687345685893031,0.15927389119289748,0.16802376942007657
0.32725027075477964,0.46776654572294285,-4.81285811461335,-2.8831163876401944,-7.487653112675298,0.14193538355356683,0.3227497292452204
0.7959629988047674,0.5590575956149565,-5.876836007286823,-2.9267138145114497,-6.6544932916082935,0.27479878322311224,0.14596299880476737
0.9529225303274569,0.4685474828220974,-6.233134143843328,-2.9150169266085757,-4.3075856678101125,0.142861026018817,0.30292253032745686
0.4596112324869578,0.6646877031064327,-5.113317497745395,-2.951957798425573,-7.40204104897724,0.521046635814806,0.19038876751304223
0.9455543931480566,0.8752374413568853,-6.216408472446089,-3.146836140407476,-4.58619929834399,2.003334100007235,0.29555439314805654
0.7101252914071066,0.9478097428607464,-5.681984411494132,-3.261732048332707,-6.997820989246495,4.04895634426737,0.29780974286074635
0.8015736996334772,0.9132413686456591,-5.889572298167994,-3.1952681831683396,-6.623335504982468,2.7901435221792266,0.26324136864565906
0.6937372157670056,0.5631673549102192,-5.644783479791103,-2.9227108207475303,-7.043634706852516,0.28216766324772835,0.08683264508978084
0.9801585299436131,0.6420191194365262,-6.294959862972002,-2.972347071288514,-2.718437738877207,0.4563230786472203,0.33015852994361305
0.4324892204058325,0.48536886214220404,-5.0517505303212396,-2.8908663477793635,-7.423691142694995,0.16357306090108303,0.21751077959416754
0.42395046853772506,0.5313830808118021,-5.032367563580636,-2.9024568963312976,-7.430008217572425,0.2286601503291461,0.22604953146227497
0.6577120637827483,0.896417921779781,-5.5630063847868385,-3.159670239122733,-7.130012212147501,2.391546784697063,0.24641792177978095
0.40553775617534754,0.7712780413093959,-4.99057070651804,-3.013048075108764,-7.442879542011771,0.9788840207540852,0.24446224382465248
0.3641517028993202,0.37992312490349256,-4.896624365581457,-2.8673124620502883,-7.468403182853667,0.055165709463169454,0.2858482971006798
0.3138072718368798,0.5622341796106631,-4.782342507069718,-2.907759198046585,-7.493931315133374,0.2804820024309851,0.33619272816312024
0.6715880939998148,0.5515390093636501,-5.59450497337958,-2.918121172414223,-7.098835733846874,0.2616775671630873,0.09846099063634994
0.7384953038379283,0.9658814120300123,-5.7463843397120975,-3.3096622234839934,-6.906349948913054,5.151804076356167,0.3158814120300123
0.5924715122897528,0.8169969009290852,-5.4149103328977395,-3.0589546125276943,-7.249212975829031,1.3121029614869606,0.16699690092908515
0.6702920393615885,0.4838339699484985,-5.591562929350806,-2.8999526946012044,-7.1018518965071,0.16162021279966443,0.16616603005150155
0.49532257357251286,0.39154362217897853,-5.194382242009604,-2.874009121710048,-7.369420663737884,0.06488157095319624,0.2584563778210215
0.33369136710337316,0.9708209991298713,-4.8274794033246575,-3.3076291017733848,-7.484510858721176,5.548183907608023,0.3208209991298713
0.7494516135813272,0.41564854804218543,-5.771255162829613,-2.889329070167656,-6.866123301334556,0.08662235479749048,0.2343514519578146
0.8166791172551513,0.49013153813390486,-5.923861596169194,-2.9090550947362637,-6.531652743379215,0.1697160233785977,0.16667911725515128
0.7206637972002046,0.7329268269220417,-5.705906819644465,-2.9995390345104163,-6.96579102915883,0.7765562217938784,0.08292682692204167
0.4490545789690427,0.7527995238282811,-5.089353894259727,-3.0013330320024654,-7.410765450663533,0.8745367237620238,0.2009454210309573
0.5655342528076661,0.40351082975327757,-5.3537627538734025,-2.8788436572893206,-7.288126816260087,0.0753987626602508,0.24648917024672246
0.7419346788787966,0.7876045464694199,-5.754191721054869,-3.0396943559741754,-6.894046964466929,1.083948824183882,0.13760454646941989
0.6244023018973337,0.5052100476587534,-5.487393225306947,-2.9032074816610796,-7.19589069058687,0.1900272785196615,0.14478995234124659
0.6517695340217315,0.43677293130365935,-5.54951684222933,-2.8888097730021665,-7.1426461771897385,0.10758074533777506,0.21322706869634067
0.500934035615177,0.8182508803239634,-5.207120260846452,-3.0565696241847897,-7.363820118604211,1.3231837741602517,0.1682508803239634
0.3007880864377234,0.43695489202126336,-4.7527889562136325,-2.8756516629106366,-7.499663674969764,0.10776952744460466,0.3492119135622766
0.5730848595554962,0.84960487861042,-5.370902631190977,-3.0925911115291833,-7.277719960373668,1.6474801254214864,0.19960487861041998
0.7396135664408305,0.9503776780700557,-5.748922795820686,-3.2693507167109814,-6.902381379340367,4.179674151112793,0.30037767807005566
0.9339684612590602,0.7412666936500246,-6.190108407058067,-3.0190808243363265,-4.948674788507423,0.8160553695250921,0.28396846125906017
0.47241006674119035,0.3689709008407552,-5.142370851502502,-2.86938302911617,-7.3909223940364415,0.046436502855968564,0.28102909915924484
0.6764260438253784,0.5442073662657761,-5.605487119483609,-2.9161649514254133,-7.087377718954654,0.2493142250778846,0.10579263373422387
0.3074616581283922,0.3709343637030613,-4.767937963951451,-2.863900369818061,-7.496767149988265,0.047971693417786954,0.3425383418716078
0.4244524797655746,0.6923510055858625,-5.033507129067854,-2.9642811378190776,-7.429643093424397,0.612095089283416,0.22554752023442542
0.35509920292198066,0.639037558924027,-4.876075190632896,-2.9369595378995763,-7.47341254897233,0.448386652626126,0.29490079707801936
0.6336107179944428,0.3490473713260166,-5.5082963298473855,-2.8726673265499776,-7.178828795431917,0.031565565058958356,0.3009526286739834
0.7478638884496773,0.8188988542137663,-5.767651026780768,-3.0678634131115414,-6.872143340269326,1.3289587945149104,0.16889885421376627
0.7789749972699883,0.4390460124938583,-5.838273243802874,-2.8954949530642664,-6.7406229162007545,0.10994951082440618,0.21095398750614175
0.6726766246033735,0.6578719224970575,-5.596975937849658,-2.9574169738951017,-7.096285269095709,0.5007324674952149,0.022676624603373496
0.5843180520609452,0.31707030229423133,-5.396401978178346,-2.866062094647814,-7.261527966182659,0.010219885479588298,0.3329296977057687
0.47626290655962844,0.7833827959144686,-5.1511167978903565,-3.024995577239971,-7.387454032487337,1.0554882078110466,0.17373709344037158
0.6410849782676264,0.35834030367020253,-5.525262900667512,-2.874408498682078,-7.164360102135143,0.038344176750572556,0.2916596963297975
0.33262431946759097,0.5843954542347026,-4.825057205191432,-2.9156109981628022,-7.485037544908612,0.3225960546712803,0.31737568053240905
0.41299698136297536,0.4330480969671966,-5.007503147693955,-2.8787380100303177,-7.4377853644574135,0.10374804259024706,0.23700301863702466
0.7900421216800507,0.9096186596906828,-5.863395616213715,-3.188195629129112,-6.685850100201335,2.695835197029052,0.25961865969068276
0.3853052595186358,0.3538475524617022,-4.944642939107304,-2.863883790783049,-7.455916150303137,0.03503321952734251,0.29615244753829784
0.39279741500884524,0.47083762312547267,-4.961650132070079,-2.886073925039523,-7.4512180534001375,0.14559346693609165,0.2572025849911548
0.43516922620789894,0.9905736875323123,-5.057834143491931,-3.37511575735662,-7.421660972818917,7.866468628362305,0.3405736875323123
0.5987885327185702,0.774529477291725,-5.429249969271154,-3.0228461207685684,-7.239328355775975,0.9987675800427671,0.12452947729172503
0.7232378142007263,0.483600639900038,-5.711749838235649,-2.9023904384021058,-6.957634316745118,0.16132448088889517,0.16639936009996203
0.6256465456807011,0.9294882004366058,-5.490217658695192,-3.217659685435953,-7.19363276544049,3.286816381581197,0.2794882004366058
0.6778988655444422,0.6469950475272757,-5.608830424785884,-2.9528577551969404,-7.083825874816444,0.4698535977079086,0.02789886554444221
0.3720259051489761,0.9470166821272143,-4.914498804688176,-3.2464134830559077,-7.463885621212153,4.009988420182569,0.2970166821272143
0.3834829397580851,0.7005157806547365,-4.940506273250853,-2.9671613276401234,-7.4570365332472,0.6419286124409243,0.2665170602419149
0.6772856222308952,0.6815953016935125,-5.607438362464133,-2.9688627179350036,-7.085308433449731,0.5749492481361524,0.031595301693512434
0.5497668332226171,0.8785013936058432,-5.317970711415342,-3.1285084025085537,-7.308706181526642,2.0566357901791332,0.2285013936058432
0.7301744727857409,0.5230501800203347,-5.727496053223632,-2.9127533901952933,-6.934959917224678,0.21586751060236664,0.12694981997966537
0.8728176070479121,0.9624839341198468,-6.051295967998761,-3.3084281067877517,-6.046615240195729,4.907085699882419,0.31248393411984676
0.5917712970074536,0.9432115551901132,-5.41332084420692,-3.245812484341995,-7.250289890247418,3.8315677474286147,0.2932115551901132
0.4890529082634134,0.5580191296556146,-5.180150101757949,-2.912655920769644,-7.375518032521802,0.2729590752537252,0.1609470917365866
0.8369741482985567,0.840388820558668,-5.969931316637724,-3.095179823133105,-6.387029792649761,1.541650631562577,0.19038882055866801
0.4696005903682362,0.476367788850857,-5.135993340135896,-2.8901034329914057,-7.393415547492376,0.1523035806955373,0.18039940963176382
0.7253524507571105,0.9484052546159223,-5.716550063218641,-3.263891117209115,-6.950830725308484,4.078643429206707,0.29840525461592227
0.7312169789633508,0.6664078089159129,-5.729862542246806,-2.964114222551416,-6.931461880458711,0.5262967337661935,0.08121697896335078
0.4193456682656949,0.8790571958261422,-5.021914666963128,-3.124417814713636,-7.4333215411230515,2.0659241659056513,0.2306543317343051
0.8740811701019673,0.8697708209399211,-6.054164256131466,-3.133153296137797,-6.031966352090035,1.9185717761049368,0.22408117010196726
0.8646152565008955,0.5128696520130818,-6.032676632257033,-2.917963262727319,-6.136646858030868,0.20087177207383689,0.21461525650089552
0.9326198787116371,0.3828001172232244,-6.187047124675416,-2.896118723845823,-4.985953690643504,0.057526825098558776,0.2826198787116371
0.9225746943430295,0.3252838934537287,-6.164244556158677,-2.886350975237203,-5.237496909878965,0.015421027335443371,0.3247161065462713
0.9988968209165934,0.33039497756124986,-6.3374957834806676,-2.896293111364029,-0.509778612702358,0.018753745081152795,0.34889682091659335
0.7086432038102939,0.9665731529702675,-5.678620072649368,-3.3101295954347636,-7.002157138841716,5.204264552925466,0.31657315297026745
0.669980807602119,0.7449495137287461,-5.5908564332568105,-3.004883816536313,-7.102572890649773,0.8342240943662746,0.09494951372874605
0.5544051211137127,0.47885723023747884,-5.328499624928128,-2.893911687210208,-7.302808225084533,0.15537671308228562,0.17114276976252119
0.9287086460651579,0.8162326065556365,-6.178168626567908,-3.0776428124038535,-5.089124318584075,1.305410105375362,0.2787086460651579
0.3027234687840244,0.5783913008870594,-4.757182274139736,-2.9125868768664063,-7.4988326197746815,0.31074305524204027,0.3472765312159756
0.970057083065307,0.5369114929602243,-6.272029578558247,-2.9344121874548232,-3.4445556921847853,0.23741650096569034,0.320057083065307
0.5781696774174924,0.48668530283931144,-5.382445167737708,-2.8967108069145526,-7.27049837870602,0.16525834876730605,0.16331469716068858
0.8096092276178433,0.40818633330993986,-5.907812946692505,-2.8912875654897303,-6.57606157471772,0.07965423483670797,0.24181366669006016
0.9218221655805698,0.5422231794551033,-6.162536315867894,-2.9307334071409166,-5.25466995979675,0.2460392056512788,0.2718221655805698
0.572087471902334,0.5582325926671123,-5.368638561218298,-2.91593313461224,-7.2791160664142165,0.2733365116623494,0.09176740733288768
0.4833111892498953,0.927731684150626,-5.167116399597263,-3.2084728329076375,-7.38095812055562,3.2264008547472836,0.277731684150626
0.4290956217206996,0.9177474016531002,-5.044047061305989,-3.187225945572963,-7.426229089368011,2.915034860414799,0.2677474016531002
0.485489903331902,0.8761503093452825,-5.172062080563418,-3.1227865941654045,-7.3789097847789,2.018031107014789,0.22615030934528246
0.7526003064678466,0.7377294333407383,-5.778402695682012,-3.0041870551602474,-6.853984354106806,0.7990301543238223,0.10260030646784657
0.9256410767438719,0.7028375544620937,-6.17120524420859,-2.995395262853157,-5.165254206256603,0.6506859022347464,0.27564107674387184
0.7478311841216865,0.9449120403894669,-5.767576787956228,-3.256820757207387,-6.872266641975346,3.9096052628756475,0.29491204038946683
0.43600232296485425,0.33583540094424913,-5.059725273130219,-2.863016929118492,-7.421025178050482,0.02238402929739136,0.3141645990557509
0.7318718478406034,0.81153330309727,-5.73134909459817,-3.060056030642919,-6.9292521259907485,1.2652422779585262,0.16153330309727
0.7925589917961924,0.7054822872642181,-5.8691089113773565,-2.98722413066513,-6.672705155145508,0.6608146575480911,0.14255899179619236
0.6523759676099652,0.9886416526086024,-5.550893446474621,-3.376831361328863,-7.141375648656776,7.566687615775499,0.33864165260860235
0.4426606272669274,0.38259917566797863,-5.074839623895926,-2.870538307287836,-7.415862363464768,0.05736097813440799,0.2674008243320214
0.4655216901169392,0.9962128693368186,-5.1267342365654525,-3.3970161859463692,-7.396982146875618,8.880106574071757,0.3462128693368186
0.9328611365697332,0.7043049979188254,-6.187594780013295,-2.996898770045485,-4.979351242982087,0.6562855044276714,0.2828611365697332
0.7919892576112944,0.9412134587775156,-5.867815614777639,-3.2507940320644466,-6.6757042186335065,3.7431797533228206,0.2912134587775156
0.7212988378309987,0.37125014931001143,-5.707348361876368,-2.880145261434728,-6.963791253423705,0.0482197990048161,0.2787498506899886
0.7676574533851641,0.5116897489893006,-5.812582419184323,-2.9116690807970658,-6.791990981829743,0.1991772535331866,0.13831025101069938
0.9957191307799356,0.8157668872574491,-6.330282426870454,-3.0853430192096765,-1.0050536593423418,1.3013541941069247,0.34571913077993555
0.41571969282480437,0.7114026748762718,-5.0136837027123065,-2.9743178915734854,-7.4358856317285,0.6840995896370141,0.23428030717519566
0.46295105118480545,0.5996176025806306,-5.120898886189509,-2.9255191003938372,-7.399198131349435,0.3542426254694575,0.18704894881519457
0.8626454399338492,0.914554424823282,-6.028205148649838,-3.2015711983096637,-6.15704441527661,2.8256351890593012,0.26455442482328195
0.30286366634502876,0.8415329932066811,-4.757500522603215,-3.073616499692197,-7.498772135936714,1.554259114148246,0.34713633365497126
0.6714709333869675,0.7121396435223939,-5.594239018788416,-2.984840941309213,-7.099109303539503,0.6870588651634326,0.06213964352239387
0.4424533545479664,0.8155180032727245,-5.0743691148238845,-3.0517903610148296,-7.416025287608259,1.2991935782070376,0.2075466454520336
0.5564860373616554,0.6841906886190248,-5.333223304810958,-2.9650557522444774,-7.300120711636787,0.5836984821089981,0.09351396263834466
