x_1,x_2,x_3,x_4,x_5,the mass of the vehicle,acceleration-induced biomechanical damage of occupants,the toe board intrusion in the 'offset-frontal crash'
1.3523572826028811,1.7248008003729551,2.959951321964188,1.5683308035262802,1.5001204384630202,1679.7930109602073,8.129239366930245,0.16908328546141504
2.68034843241775,1.4198444401082386,2.8850953359153815,2.79922831348901,2.6736402204256633,1696.6067576328644,10.351691980201078,0.09426541585816645
1.9144040902165294,1.4967799295594109,1.2183473211044564,1.9491987181050787,1.5838958451736385,1675.9454191385303,9.73863929113378,0.09607220338550002
2.760658219503775,1.6456438226831998,2.5042246859825905,1.9157992837754008,2.419436557862829,1687.6262346630856,9.499225519337662,0.12574720288699776
1.6992507200448985,1.6998898005741903,2.690611748277524,1.4042163189544412,1.791414659944241,1679.353135033048,8.348598353072557,0.1597342593734698
1.6703671158705824,1.6146544675953811,2.7877375326826703,1.2957744790623917,2.3698399476897083,1681.2710014408674,8.238076447154151,0.15041841673989081
2.431638340427303,1.7073046395184672,1.7678760798838158,1.5526007836337363,2.301860485576009,1680.3012165785137,9.367623643952136,0.11649931622724756
1.920529464651592,2.2520222623282344,2.0977015244651076,2.5375490328976467,1.3664620371758003,1685.3051872814751,10.325181031102323,0.12939413600373584
2.7499620883436795,2.220263559989804,1.8226383509776023,2.9230817593687792,2.372315440057177,1693.3888299923012,11.127905381290388,0.10578566098734403
2.582717706139422,1.4139082913246035,1.0723520629791417,2.5334354201036327,1.8702680272224703,1682.4485553589668,10.541636502944002,0.09935481429452558
2.9720239137979885,1.245655244322103,2.8980291598526646,1.756041717918029,1.2049963171693892,1682.3499306014517,8.849412468045411,0.14652086519794766
2.757859014841306,2.5238557737199256,1.8048190416937386,1.7976102415863644,2.6876276631060234,1686.7458147500906,9.448183643485251,0.11093723683512975
1.1029718502038885,2.4120387125715355,2.8520886192954675,1.7665410207516334,1.594890435621457,1682.2608285142928,8.191410684790002,0.18196447849056552
1.0527365333914858,2.032971224777792,2.8262785028636763,2.1604746732932956,2.0660095855065146,1686.2852765064488,9.131449115306943,0.1415591615611797
1.9355390343310697,2.1501659985782533,2.3909822754098444,2.3342621947988635,1.7407561797743558,1686.5422073891673,9.873754225917828,0.13536863374123367
1.9085778675348164,1.1464965290960736,2.1161000542409867,1.7845830304697903,2.052597703779411,1680.0375018756756,9.579230266569589,0.09529363114694811
1.0389228523210234,2.414962428772344,1.0639972232353059,2.904533621789061,1.652398273724124,1682.9901699492184,11.2850551221283,0.09066857929587373
1.829233608679625,1.8722362485342678,2.8891104995149686,2.8998315066550973,2.583055628668247,1696.0423539081492,10.636821173265645,0.10868074234324317
1.2469060918620154,1.5344116074842344,2.484210957645743,2.6520868959238166,2.2483554785106357,1688.630917121291,10.500481983327932,0.09951463602623004
1.829710131840944,2.132931782337971,1.9303182635295835,1.0542388868699673,1.4271462477471766,1672.867043579252,8.100262444824068,0.16040789759514187
2.12114301311999,1.6164422715947864,2.7881679778944646,2.3516596479227463,2.056553797765245,1689.0966316956349,9.739108739218743,0.12215745190516493
2.2320466667685,2.349851566448775,2.3614055026975143,2.7618603040585095,2.469661805738734,1694.1193189019755,10.741167386212652,0.11401217998438022
1.4868233978902758,2.557345027390343,1.195997164851331,2.3346513005061547,1.0318562397355726,1677.8143500681945,9.987204611204746,0.0941948066813467
2.631047548645275,1.9036997537550253,1.4251359496658969,2.339155511418354,2.9658524909462365,1688.6933725519507,10.485473975754624,0.09394323845724425
2.409212752047754,2.3172882804541963,1.8623437326656698,1.3179367972538854,1.7773955225279265,1677.947431562093,8.631674496764019,0.14395171097844708
1.86342206063589,2.6771895529065928,2.1835244394128734,1.5638336192321818,2.81877562763834,1685.5029474968755,8.674429252268466,0.1342005847645533
2.4591327392708937,2.268263018641068,1.014843818553613,2.6624931051838465,1.8806909647444146,1684.9212369434833,10.661273410440822,0.0905534748127548
1.121032377465482,2.2934909592403754,2.1658662888156597,1.3640568388119017,1.0063622641994234,1673.1626905942894,7.977435301679601,0.1705664630757349
2.7126214817477745,2.4752827971123503,2.460480840047887,2.8517386943253316,2.663122212416578,1697.5521400571804,10.769935586576192,0.11033436883107187
1.1631592739660195,2.9545079548074704,1.4639116844827382,2.2949025565989714,1.2462840221209823,1679.8462146153654,9.828797129811779,0.09273812994194769
2.093602013145235,1.465714991674131,2.4743438838693654,1.6036681989857797,1.0608210063095724,1677.0354459645664,8.883799055734263,0.1482677235260035
2.281526402712762,1.630674773431501,1.659611604809334,1.2390854777687246,1.3572257616636525,1672.6447605112928,8.865102388198068,0.12967619723151086
2.6542035579178886,2.5298141674819514,2.949122248883469,2.403095652986721,1.224435305271559,1689.8987408360715,9.260797831386169,0.16969971705332543
2.055230578665785,1.9454131157830146,1.0481598044355322,2.0931123136853915,2.002616430920895,1679.5185627822095,9.862224021397273,0.09213555896961736
1.2628896560964153,2.5157946100422253,1.844011992838845,1.9612798868955619,1.2447513251436573,1678.216397986352,9.19451559030108,0.1301837340005772
2.924893896523033,1.1953062978980116,1.3063798728015175,1.4152286565273784,1.2560832802096789,1672.4459692463734,9.379828783754729,0.10378683771806738
1.4398564254540864,2.8777592071261267,2.3091434581298893,2.266389821943905,1.3926555910768637,1684.614096945229,9.562274166571697,0.13904915311432867
1.3794230541534291,1.4412843256500907,1.4631210752026553,1.7049920479179836,2.7201798110170863,1678.8513898064118,9.432108301934738,0.08504621622485231
1.08555168438928,1.497241308193433,1.4048147582406183,1.0556168771046486,2.049305585069199,1670.0187324942744,8.253208426220942,0.10181120648100474
2.0877378032189338,2.648463283168404,1.7644379314324707,1.3881578087309894,1.5581374042278755,1677.0764781157238,8.435101762422281,0.13657841461036552
1.7617472677356174,2.3097903527707144,2.064289576720669,2.1182486765061554,1.9525001614239728,1684.2861545493365,9.661057222050966,0.12609548141687713
2.7028142078517714,2.0003728026342187,1.2030457414878404,2.3821028164679423,2.3863520187546334,1685.8217088854306,10.372659323231872,0.09535390857626497
1.2091520432320664,2.951958311851225,1.1895430779566527,1.9526886496570617,1.6646046055816195,1677.9168159096655,9.10643827094871,0.07767352402989862
1.0405925741515745,2.863430261287307,2.081903578117818,2.028556011287906,2.208134938839116,1684.3987322800774,9.162280387560077,0.12169897718211461
2.9347660602152263,2.5420762197753035,2.931760569169387,2.808905770923661,1.408365987812202,1694.4622613213023,9.899764741422768,0.15113883648980903
1.1725740983775916,2.800948271913328,2.9866343736102765,2.734219244459066,1.3701399607556302,1690.4129943653447,10.041842159156905,0.158193414394404
1.4983475568988014,2.7093054004470525,2.6027169451792176,1.8823332635188166,2.3157843737693984,1686.8501063749009,8.747893850298391,0.15200925019445566
1.6943494559988874,2.9682306830684135,1.668353725581161,1.9496392881752833,1.4413741537664775,1680.2677479124593,9.179986472403423,0.10711081464120002
2.6992362448902716,2.523949016474891,2.637716473936461,2.828219730846067,1.3810982604208841,1692.549123961188,10.29596382883046,0.1414049251540981
1.56071893749485,1.6867684409433958,2.8152245566492677,2.0041289998369503,1.029515593611319,1680.8026021480368,8.963511622931955,0.15618088304793987
2.0217979763440233,1.1407538439406861,2.117135123896288,1.8603300983723627,2.000806590221547,1680.64988543266,9.68514362198163,0.09565058371652739
1.0477555627009836,1.111649618654911,2.3583932126668414,2.579508840615935,2.1160381139354785,1685.4549521630734,10.458745183093326,0.07628570169834922
2.924963174639397,1.0713501517497934,1.86665918879982,2.7826122442993757,1.4437465316033817,1686.1124367125915,10.637150652775393,0.10529229363036718
1.8613464667814095,2.5571311985194947,2.1271319492284446,1.1764473007300655,1.408889173329324,1675.688093768502,7.929121144116287,0.1727658701221933
1.2159624555504576,1.141222510155785,1.3966534338201666,1.0151153532044497,1.6590385285582774,1667.4104509141248,8.488812586276433,0.08940779163717104
2.287852733164895,2.225729017515368,1.6117544546066083,1.0067304941541615,2.214140640782528,1675.8470113198675,8.412472180084636,0.1345712065106582
2.653488479261405,1.8259720822460321,2.5053382102488806,1.03242443346241,1.4381182891718927,1676.6038471038646,8.288618247724946,0.18723451141350037
1.7296961829532267,2.0466025538974546,2.1291298528088882,2.6100512287007795,1.4214988670785929,1685.3269946041303,10.491434610827534,0.12685296226716408
2.3606755166484272,1.0327922163734782,1.7137813256864265,1.7871969909194747,1.4014555351605107,1676.1198041630782,9.720388839390349,0.09584949685089068
2.8151027086130416,1.0477129398490777,2.1916108038648803,1.2714298576342142,2.522155610558342,1680.4201868581642,9.458048313902527,0.10336555228629364
2.5178835832494224,2.16303833905637,1.4724460727127657,2.959965409183349,2.7173163890682286,1692.9309813558004,11.392601865447222,0.09691195743625425
2.9288223240015583,2.616324236663151,2.0690008275100062,1.413983869296439,2.4945147190293486,1684.7479372657056,8.796802930045263,0.13910763744196358
1.749055431698425,1.7753656642106528,2.716322822806572,2.6963947703537285,2.425983068428805,1692.5682516760107,10.413955025900984,0.11045032892353017
1.841850104916899,1.0229040677560488,1.1544127773634076,1.9487774142978973,2.677422590998833,1679.2513829986208,10.049488774274863,0.06820651795776357
1.5225745322973345,1.03541134835384,2.3090039636490554,1.7296290072317033,2.352087980237819,1680.6611730692305,9.375995291312483,0.08228333914314606
2.4872224862062335,2.4343263094480516,2.311327732139634,1.2212484176872993,1.0195022143271513,1676.3307403280703,8.097157986007677,0.1892645434349506
2.627307310544082,1.0831930633234477,2.9913486775538685,1.0627874584001398,1.918319133192591,1679.4121110450715,8.459625698664889,0.14598798564026394
2.919584360813315,1.4150469864721635,1.5121680091743537,2.2705727647227048,1.0117330280720525,1679.3995222186115,9.990592422924934,0.11524633467504608
1.2989172169584606,1.6480314525345747,2.187306439022184,2.028738981525402,1.7373141671478378,1680.5705594945691,9.516440032407159,0.1191706676497417
1.1380337006798553,1.8011185221548927,2.736021230913587,2.493844956103098,1.7820998814538775,1686.8445983147092,9.90300643142946,0.12683221270715833
2.263655403936829,2.9908522967522524,2.0190116474713973,2.21399703552585,1.4251270916279823,1685.2332354643916,9.61331834008502,0.11814364163971658
2.1815784117520343,1.3214570206631617,2.0251261848905315,1.106069182550675,1.69360205543087,1673.832945585052,8.850382382984431,0.1290140700104816
1.2791545390064545,1.0968862130593973,2.8514569520582125,1.7571203094431729,1.1025631566709477,1677.3529476009999,8.718591581442272,0.11979497055211141
1.2956214481068147,1.2705505597186315,1.39223917084791,2.69581166525999,2.314617936408977,1683.7768614346046,11.00169023085446,0.08505285462265401
1.422606951098597,2.5135489102111332,2.4233651012388107,2.055761032083846,2.4756762960590954,1687.4491464344314,9.280545338526734,0.13335061320472383
2.549453137587604,1.7022577104162482,1.7415631403159908,2.5578238313024984,1.2121125183900288,1683.3528346497128,10.406788910923314,0.12048430338186447
1.2587558945895998,2.7281319495847116,2.9318984054031367,2.592013334143052,1.8925942665689672,1691.4269984951786,9.83207357828505,0.14837458084424343
2.4949905106732118,1.775755352750263,1.7243542889063712,1.3509891952532762,2.9027486571892305,1681.5314671188612,9.27237933858701,0.11366285873214775
2.322917317936863,2.650512635075387,1.8954124920362176,2.0035929527553655,2.7143178466737488,1688.1379197616068,9.641215894226672,0.10693500376958637
2.053004354416231,1.8562727897872944,2.2548328883999713,2.206611404675304,1.271367482159162,1682.4374300199133,9.734560930236219,0.13696695536430645
1.4386226279977652,1.0054482930777446,2.0007974365688628,2.821388855194386,1.8758060745460317,1685.2931247564813,11.060964129998192,0.07959818211310227
2.9749869549549786,1.7010512586776425,2.103555097666704,2.7435613473332863,2.5498974218006123,1693.402302930853,10.734798624110297,0.10702700865317079
1.8126676176363554,2.742859986547188,2.3998595831562,2.109661757730429,1.5605115965381666,1685.1319734419462,9.283788926128679,0.14697432061024251
2.678510819269504,2.19113899401202,2.910218306763005,2.5453951750495216,1.010028004115831,1689.1352467871852,9.519794198867146,0.16494239795334953
1.924257669368657,1.260266585899375,1.4668787100715828,1.2053386493074985,2.4219619673553714,1674.5457389836542,9.123578660132704,0.09234379563974243
2.3850738297992735,2.675926451360445,2.268056999361231,1.0128334838903936,1.7427069357332055,1678.0665570637364,7.82635691947385,0.18478668639021084
1.278357878146839,2.556108265886666,2.5314468086652213,2.6405785173344434,2.609190687060025,1692.8122607338635,10.39954346466027,0.11749068504372219
2.4722340380958068,1.6367438363306777,1.642211474801523,1.9348160474165288,1.7471939775517158,1680.1385819050736,9.750351716117756,0.11245865786763147
1.3690305387380013,2.3206126289065843,2.2952378843494046,1.271744511709167,1.7503817824319898,1677.003900276356,7.940134598090012,0.16991333769787895
2.7066480500272947,1.7985199078687744,2.400198591690965,1.4887840533287546,1.0898198266083947,1678.1567654129608,8.74262639885846,0.1679593642125963
2.2959186248031482,2.544702587377303,2.1446501479143247,2.0454000361908915,1.618692647877065,1684.4080759522487,9.41905250116437,0.1365172310426864
1.2848925178943986,2.7758245726148423,2.026355149483325,1.8137537708893587,1.1302001080976778,1678.0556225814414,8.736096050935428,0.14412502341942562
1.0730657499806537,2.9836638950595216,2.5157721160600075,1.1625572203054841,1.1058980401605916,1675.1385528065384,6.966185786328907,0.20987589981397442
1.998716831085651,2.4123285055744486,2.0570092851649133,1.8194886307342704,1.9043325555074393,1682.5281335333812,9.157958062745024,0.13495169464353896
2.800886451561708,2.3519146644152404,2.303498701100314,2.0503599017826835,2.9229435182485233,1691.7265303510244,9.694998013755066,0.12074234186309665
1.6415786319285952,1.2034124346318227,2.455369963619997,2.928324656895102,2.8042810514233447,1693.2710466504325,11.100040109948482,0.07292865278691832
2.342153901653443,1.4756135368213608,1.238736648181258,1.9559369790452594,1.360278808366534,1676.053375981451,9.752130795764883,0.10144590031119993
1.6628830792264018,2.9735438832523036,1.9813780075662006,1.9707025459184049,2.1163996654355763,1684.8065952389713,9.223237370638746,0.1151001539039663
2.1543236489262494,1.4915067994488715,1.4007707097488644,2.0425551782170777,2.6109900657454794,1682.629734161488,10.092237480545068,0.09056920857596204
1.4869409004196148,2.5388502569540563,1.3500788256647944,2.847767884185159,1.5551900014141362,1684.7695711064925,11.16200060833186,0.09584537723176603
2.325858089166461,2.496667801471162,2.187674020240098,1.5663368843321448,1.986549360446275,1682.5038175623577,8.757536855129281,0.14915541549086822
1.2404151028913675,1.6240129579006963,1.5906108614679866,1.7165402641092624,2.391267249109196,1678.1540339623969,9.263397094286383,0.09743864003708326
2.6932951378661465,1.8843677557184992,1.2800053834801135,1.5358169266049604,2.3968398942758693,1679.3937769501672,9.377134879739206,0.1026735169044263
2.4408559890605455,1.7894240073949246,2.9259877331302873,2.27544888838843,1.3336391860846402,1687.0719232690649,9.296403932886049,0.1534574868359442
1.7731290828202209,1.6773271772219485,2.6133899347673464,2.523128297186526,1.9081432269647363,1688.281745750116,10.13251546984942,0.11950795612425807
1.3344816339642636,1.5168629457268494,1.2814913180901812,1.4433576041518708,1.3536410195470587,1669.9816942860734,8.83799089832957,0.10001892979517665
1.5959072385091038,2.0965657812595966,2.6212637525010303,1.0415047215023872,2.476373311369444,1679.965274824973,7.724905907986833,0.1788004675082431
1.1376473927242943,1.530257440403738,1.27920240629655,2.482390268620844,1.9064904141546517,1680.0245537909254,10.523127989478287,0.09193517239393956
1.849559210729744,2.026124379972182,2.1083141213960737,1.7566590136142992,2.3825919736544208,1683.1601281143585,9.230732448073686,0.12673988054844218
2.8379679651202876,2.803180389882117,1.04672355527185,1.7610332285105523,2.2092336367685252,1681.7054812585518,9.182438847032804,0.06980183660904615
1.1421817953619984,2.676915895274488,2.189475753285053,1.1025506766547835,2.0129670401394884,1676.6769263685765,7.388115237633618,0.17143281475169753
2.6347791119055315,1.0518116439710987,2.040069456926668,1.4742662510056794,2.1867390299471956,1679.3838222026145,9.547109468314048,0.09913704715872815
2.2057458779072405,1.7173692788054786,2.2480291965740884,2.4069611853081225,2.4223009463191882,1689.119348171311,10.278735095437204,0.10967465674987831
1.010192521382411,1.834358016334681,2.9776998800345416,2.025830883328452,1.3937154421604674,1682.3802883710964,8.705568357229167,0.15747902855865342
2.3146831978103997,1.4589878468050115,1.1498837517005993,2.9102748888454766,1.7702788714078084,1684.7397853180546,11.13133412131638,0.10658027844890677
1.8132546373809588,2.5244363054157404,2.2935744591863494,1.0375904813822496,2.959627739127905,1682.0971133781993,7.875349489898497,0.16271595246775608
1.9089487901894064,1.4346759115547982,2.271292283141584,1.3272094005719786,1.5595010488959782,1675.6878217742346,8.752415714872955,0.1374918056998272
2.2475686123632026,2.877492367205069,1.87156670043147,2.0748489104048344,1.5784059447231356,1683.8670234013528,9.4730573089885,0.11514421259694563
1.74466055766938,2.921777837082785,2.2421248888392493,1.5815292590112904,2.572266667473982,1685.0968634709122,8.471652565731452,0.13859752814276932
1.1198760728694082,1.724210872810959,1.9595660793887546,1.5662989992721135,1.3831639679298584,1674.1361291086034,8.733211775789345,0.13015026555301853
2.353397102269351,1.1177475174020473,2.8312303686361133,2.649624118302028,2.7090695125827846,1693.891176259311,10.289881685911901,0.0749687340220414
1.3244724930724974,1.9787684046717353,2.7522394380122828,1.1525603746165263,1.458629901601321,1675.9727867041934,7.55616215525376,0.19531758642240593
1.7052693295692674,2.517021747243067,1.6900471731759363,1.4976576895281803,2.2524811392064055,1679.4692339709982,8.667588719445911,0.1206141434674255
2.65665250227336,2.109761246680404,1.5524934220712088,2.7311463526430035,2.4076996922952283,1690.3536904566047,10.904082147269335,0.10171837588101787
1.6787424602106378,1.167168864713912,1.039640560177415,2.349598094704468,2.157455978231436,1679.4554245976888,10.416737192584229,0.08059912594892893
1.8816517187435022,2.015722478323279,1.6662010672469543,2.5728709779405934,1.7873111831544215,1684.8413947998506,10.626402754669815,0.11019156090612818
2.9087440139622727,1.4112797031244801,1.4465615433011192,2.209272420288026,2.4651466633564825,1685.0684892947686,10.295698885373422,0.09667973018221813
1.4372816284924064,1.026206057699574,1.5274608544762778,1.624272650451312,1.4443345303879918,1672.0095617248007,9.370300821279582,0.0826037327348828
2.361018920592572,2.824580648180644,2.995038528376271,2.7836046494081157,1.3560609049775207,1693.6264083026724,9.967356631212075,0.15415121011933616
2.0148078847198967,1.5844633242907884,2.4828760029381973,1.3257233460444058,2.466663393938707,1681.282669327388,8.722450080918458,0.136981172547402
1.270742777321073,1.6071176073014837,1.3533488957133186,1.903230675525215,1.1944864209300887,1673.2109829807168,9.45858706806026,0.10240325690302705
1.9980451816656082,2.268334438886235,2.214154349467493,1.3939983662301627,2.041326111319121,1680.235243523726,8.525719850224416,0.1547538785349628
1.170589084335538,2.8023843007325406,2.8826756264732767,2.4916172598362554,1.253278480668238,1687.5427277716497,9.570199820339383,0.16492999112263945
2.2246718508570824,1.0815369601290592,2.3730928249203895,2.791365240295164,2.309117873400976,1690.7227435509367,10.796412066577485,0.08200158867486171
2.1016048174023156,1.661732573775513,2.4711872163742408,1.5932451561465621,2.096237651464815,1682.0283274036321,8.971798324864558,0.13831705254213156
2.3060453887625325,1.9027520059475178,2.880969743497462,2.190933003045516,2.483576998511853,1691.2830847596574,9.436129776956143,0.13217242508870136
1.3628791524973958,2.8968239676541865,2.3158038919874957,1.936624447220725,2.9520428981956957,1688.9096496011516,9.026709207398476,0.12214410037596138
1.3794228418808885,1.9436780622335328,2.2729784847367824,2.279598681713428,1.8301055989527957,1684.1887080833158,9.858818940669979,0.1253822779395583
1.2585299577862137,1.59459918080067,2.662704967187075,1.7935969358843111,2.6884163459036534,1684.9457678139606,8.913670513056946,0.11566074855316719
1.2858517642328526,1.8446039670031453,1.8225888270616133,1.7897289429897258,2.18490556091283,1679.4788138714582,9.2424601440074,0.11271993555103775
2.4703204473426164,1.738996147240191,2.363761402253913,2.5014654053104763,2.55304310974868,1691.634303209411,10.353670003194157,0.10958684604568486
1.605523381898346,1.5626609452842462,1.2235863270553975,1.8907525334274933,2.944049292930284,1681.003690237751,9.763701466899628,0.08230254729469241
1.3806296840759058,2.15015076467654,1.1946327563442918,2.065583975052891,1.0846043995817065,1674.7697528945057,9.56015167809959,0.10231171282041673
1.6777701404566019,2.882052597975832,1.5822106818112984,2.4833734021746743,1.1298284606970241,1682.3679050941932,10.26422365868265,0.09927224026780061
1.9423419261473016,2.320027507307127,1.3331067714621312,2.528158927123381,1.2411369267214352,1681.3902287129083,10.433414668016315,0.10383027959593644
1.87523288632569,1.661189996517231,1.2883655346028453,1.971904635016962,1.7694145100972145,1677.5567276880706,9.748176526407509,0.09897364231605839
1.119809915083831,1.9238340895373052,2.3533867050799566,1.6379464592131052,1.4666212759749329,1677.3239145738653,8.567021506745133,0.15079466527046637
1.3114458054385736,1.7748384015895962,1.181827469073425,2.9213960804069306,2.6936310699569055,1687.4544605824885,11.442307231950496,0.09351264018686631
1.1205522349772936,1.3162268035018756,1.7646183634902568,1.7233150038812495,2.553603259228521,1678.7274875552891,9.332105116097246,0.08499847928396183
2.607359346028314,2.5209922313716793,1.142078662193847,1.3130845629349954,1.0081235850197554,1672.1314236302856,8.4320291430228,0.10620418128797833
1.143533170083046,1.1511874463393725,2.8989043896356357,2.4404412349485103,1.6755761703629433,1685.20559931721,9.735144990499215,0.0926539084086159
2.1070252126954814,2.710292102033544,2.139457862452249,2.102546099407116,2.689951909402738,1689.53829229859,9.658706334202632,0.114226197424209
1.810668978539174,1.1364778545047747,2.474215037363945,1.7709339748817103,2.6954331189373093,1684.178671710309,9.425609851851505,0.08724622130254106
1.089204686368483,1.9413425478288746,2.806159318348647,1.3595752929212177,2.767401450745349,1683.0078920187325,7.842038712582255,0.15507543825356152
1.0416134165979298,1.2873932456181205,2.5639904733071157,2.159978467106086,1.2674377564631591,1679.767231446635,9.47920580508789,0.11208020071515723
1.4429781481026376,1.6617647944442164,1.0619358713537332,2.1855381306728607,1.623952282575865,1676.5059360840448,9.953214855699878,0.0922529860698944
2.643362523789719,2.410431611677557,1.8821506122333205,1.3827134131556156,2.9360289771174966,1684.4691508160818,8.975234537986635,0.1253684771891556
2.769712010488726,2.570486650312685,2.793351292008889,1.5432528500531646,2.102348965023081,1686.8265566008113,8.352480217010601,0.1811935897483617
1.920467170442386,1.4145916086611405,1.247774753604697,2.605059797298053,1.8816269546880924,1682.2941372785062,10.766672854379689,0.096744038916128
2.9845662606390064,1.7927784512915654,1.6605053316632912,2.199680179066978,1.6449267552750126,1683.3816270706025,9.953614082360987,0.11717887269684851
1.6927632591781623,2.3048680063496407,2.8663568867184566,2.5195729834561673,1.302209352652261,1687.9777607846086,9.727436536082685,0.15775850091484833
2.1421976109807614,1.7617778806342175,1.5131677610763858,1.9517695505935602,1.8672550729669963,1679.7272127314423,9.742590110019863,0.1075061644330636
2.3321423208722103,1.9585509340726828,1.2850933841596195,2.3531470519527318,2.1348116409774955,1683.881239103603,10.325562027479721,0.09872248116310439
2.822218423536232,1.7392543576013861,2.8896358951412173,2.3047101259129015,1.6409056219221423,1689.283439276254,9.395016259474568,0.14442490792328275
2.5795167412629008,1.2007066394332342,2.7224808059033068,2.250392634364423,1.0074920658469286,1683.4552265135596,9.502539905525316,0.12664640475617692
2.3822152974093544,2.0484419279491024,1.1344791350680632,2.212893326201462,1.41298281511407,1679.2204833962078,9.925193110190722,0.10041411686188703
2.607945263484707,1.219012947846067,2.5788134771054994,2.2941245800179617,1.5064090441047426,1685.4691704149918,9.776337256604481,0.11452582748984831
1.194848533887683,2.5534968757623098,2.736914811919009,2.0093170199306205,1.762914706505309,1684.9029329600048,8.778385003901372,0.16422288931095327
2.310254792015171,1.6569806443635495,1.1512584203251377,2.5935640447858104,1.3137033814859584,1680.715449546374,10.55221051106647,0.10612622074069636
1.5280211576495033,1.9557884287401581,2.6250133608409287,2.3308681892439216,2.2014736981437197,1688.226195743759,9.768610986564065,0.12693404208786552
2.0634862859492094,2.4040024351119746,1.406856275316482,1.8464803969399264,1.605677090895883,1678.5686335433436,9.304443341063054,0.10704421307037341
1.9015799264428856,1.4366484844427656,2.161044663813595,1.0991245353319552,1.453199526984927,1672.9365230558292,8.544738430400157,0.14319544494798203
1.3760939157921543,2.6408162614280215,2.8828169314767207,1.3535108964556397,2.5474093025754456,1684.6315042679548,7.521644045768886,0.18914784058027037
1.6165121288184348,2.8929954568409215,2.3924947014564912,2.789268125182753,2.963159485551959,1696.4821534542907,10.880794008231923,0.09813278545054369
2.922911755925374,2.869067285367638,2.0722473374722394,2.7987148423622292,1.4432462640002286,1691.3433180859772,10.528787574525722,0.11031905999116404
2.1861248695492246,2.1964332661191364,1.5560109297308276,2.894482438839182,1.2760610674581518,1685.680477728098,11.07138268642041,0.11413611615320998
1.61021165230146,1.8374529348617479,2.829671527137733,1.1768234695536288,1.9811160145897277,1679.1875268028443,7.825762970259033,0.17994884337339728
2.1320493613435083,2.5105266062667306,2.127313520548255,2.441930918069571,2.5617542150434636,1691.127211170998,10.298151542857184,0.1104208234886065
2.6763503385075404,1.9756433839728862,1.4433235931289936,2.362563703877301,2.007878046228745,1684.9623731210995,10.2810839963123,0.1051985286936857
1.6275448613265415,2.788861838063319,2.5995277362381985,1.349888574851962,1.7219683710931748,1680.5676125535997,7.711021737462922,0.19083658102112222
2.006536687697734,1.9768694540132512,2.1173303080297043,1.0421912291012123,2.78593856170862,1679.7376263901465,8.426923885361688,0.14542804244934895
1.883907753120724,2.6652223761896456,1.7805288694379018,2.8806961787566707,1.5857825763560163,1688.356032425427,11.135466964688694,0.10555685590452128
2.6237579187364752,1.9089619624018415,1.337314530049182,1.8109460322602966,2.98233625407795,1684.2821156637153,9.804111198033237,0.09469352498580914
1.508422669892269,1.5338228035051034,2.7917604487304164,1.2721885187136857,1.790433094931592,1677.9560100178746,8.090114812952997,0.15815549653212993
2.2120060829365746,1.5477557931703778,1.7836597792877333,1.3220519866134046,1.8269129082521998,1675.5886181294677,9.041693297653522,0.12278248638390504
2.583220321122212,1.4945838535134672,1.9821600311838647,2.8187589515894143,1.3338422077524612,1686.6066694435463,10.733478853343764,0.11899483789707885
2.0635671629857044,2.255132045273752,1.6584456532354521,2.282684527744433,1.8271360281056535,1683.727528109482,10.0860890522038,0.1108045951711736
1.0325945982837506,1.0603083146528307,2.733033393706399,2.688907664512831,1.2269645963675948,1683.8947235011417,10.285675217600295,0.09011086288258487
1.863383135027503,1.2696473633032448,1.8495358072507828,2.4015552562523714,2.276193687643362,1684.7592198239743,10.489892507180956,0.08933736140912724
2.401222080713179,2.8890633666203716,2.6018311252147175,1.0793158305669532,2.8275871426098917,1685.4720080626164,7.770336259270557,0.18210678859916657
1.1364502293631895,1.2467844494685287,2.7163646660989786,2.004718052661597,1.6135559041709746,1680.9361413484821,9.167357961842344,0.10913379520688207
2.18254516443763,1.8268184494142827,1.8076352932865318,2.6080556100062835,2.808063920835594,1690.578356129163,10.83527825521773,0.09843018856374185
2.2414882435419026,1.2160338838300588,2.021304167745581,2.687310997851069,1.7120468189851399,1686.0034489934137,10.715614351698523,0.10020607538533258
1.4261592393168405,1.143515593712676,1.3509929530898006,2.6128641333429603,2.8581236364555718,1685.3825237798153,10.944419166111166,0.07460116626024874
2.855032364767015,2.364580838425542,2.1332393830701593,1.3962473192459026,2.132078390475189,1682.5309904363182,8.775751620135527,0.15069241118891588
2.016871509629082,2.4928822053661444,1.5086365205088699,2.8771599324203545,2.719141093777816,1692.0499392495171,11.339520289381092,0.08820955043734358
2.6591787947626617,2.8352087630189517,2.465022102077412,2.994334148089944,1.4611111305826547,1694.0275854498818,10.775787495031416,0.12426882050442435
1.5279656071347059,2.4110696369540863,1.232601025563456,2.2050414017702336,1.777842326798489,1680.0622342196668,9.868423147419191,0.0929609799911863
2.8281774216299524,1.2070663060311217,2.958013154040036,1.5403332475738554,1.4346009765652508,1681.5528365029422,8.689027213879909,0.14690822006145274
2.820172030910645,2.9904903292541385,2.848198289272596,2.2867172715622983,1.575373457622655,1691.5637288070304,9.13200989896039,0.15694986312361398
2.6249565526654886,1.1973181583937513,1.0883960398807135,2.5785727293821963,1.6809112269271202,1681.62326315611,10.575104124617017,0.09877680393540597
1.2410641131740547,2.3275857316797772,1.2029306640958746,1.6243204946036682,2.0882438493524345,1675.9556796933093,8.763488566344575,0.09608609741668415
1.8838437977445055,1.268806689183907,1.5024288107734174,1.2311767725703286,1.313818851131856,1669.8943991670394,8.943748634618386,0.10624278431516793
1.87482215483338,1.5323414769745056,2.9106084098634595,2.3265088055818905,2.0129355369786923,1688.4915458281814,9.585083345967403,0.11968339466869543
1.581755143453763,1.5931285389660543,1.2674677151372324,1.573502391011433,1.4296825865558653,1672.0213486694086,9.086214684605325,0.1011511384809077
2.655552240647713,1.1073718232575287,2.941281111961197,2.116267936969918,2.945915710939751,1692.0193091362553,9.60302133743124,0.0822030143755129
2.8074493933894256,1.2034858569674727,1.8373305883380364,1.7253508180932011,1.7179099372448414,1679.0663978968914,9.663490214803272,0.10782743393967376
2.678940253497019,1.1867771643948033,1.315493529515549,2.822733650312526,2.31788560321913,1687.4872061003812,11.043754022511497,0.09778892604245093
2.930998353671226,2.3648812033828737,2.5021204413218503,2.0475729298657956,2.1455013049511487,1689.4850702917995,9.357881816095624,0.1431834265972844
2.5883314204300305,1.187651562610621,1.2313839166644254,2.855901823048833,1.780364970484574,1684.7522934459978,10.984212609983446,0.10347005903370612
2.4908387225524202,1.060871372416146,1.6693673805758054,1.1023870511306773,2.9686936424836743,1677.9847885878642,9.508282435609258,0.08724583440043303
1.7224835483477856,2.52547457434305,2.228008607134462,1.8855646218965265,2.282554752068071,1685.1164974272137,9.138818051517221,0.1342379198278001
2.900325211709851,1.1867818985007312,1.446202843307095,2.3123115935402425,2.227201932449861,1684.2610528400742,10.39355130407721,0.09384001906410727
2.1012597482230753,2.918259562031632,1.7792736892732877,2.1309407605819786,1.3321802917276218,1682.5310477741339,9.541391961026502,0.11108838673219273
1.149957090031708,2.2958751247953764,2.1666561444097914,1.043918997204543,1.1115002485329828,1671.2366094994563,7.465683571713779,0.1832981098072908
2.56023905199337,1.8920808479410325,2.538875196537555,1.1906681320178474,2.902972285285366,1684.4399325516833,8.66576914063902,0.15376513619649873
2.590872997018079,1.339717762993014,2.913962116195793,2.6047296233882475,1.687803158186683,1690.4470328774953,9.869319319422074,0.1153504251244539
2.602817943095488,2.255962732482477,2.1195293270909072,1.7674445604176678,1.393996118067753,1681.1988777712259,9.085730905663247,0.14843499717081787
1.3547078621493152,2.138349617231584,1.9903728320820857,1.225502585598113,2.81116718100899,1679.5237872170806,8.242635568137741,0.1339092254566209
1.1857825878138148,1.150828396680901,1.915620064024522,2.5729028773772797,1.162002405630219,1679.5461816582,10.583238425986709,0.094747782246455
2.032949916740387,1.0298675364904175,2.546830646310201,2.3029609271738205,2.158309567281532,1686.5014606195937,10.013381849659945,0.08267810509988616
2.524932474245623,1.7455871776611396,1.9452873374176258,2.8946002207777504,1.0297131084789213,1686.1140434539573,10.813251373804833,0.12794443301890523
2.201362523268786,1.648287802081306,1.7557211314753804,2.610721777101351,1.085823298892019,1682.3173442844893,10.542145746303651,0.11969182173324092
1.853955075308339,2.4250752575547785,2.004367534107499,2.8732961847145413,2.9175532491713625,1694.6276589761578,11.26484842858713,0.09677081489165754
2.079842112794877,2.972253851940952,2.4135712595382275,1.0060059392192493,2.259623510943,1680.9505722940435,7.484275440752287,0.18523688214890133
1.8338737422339009,1.917285640911402,1.735656010243648,2.4128283565862,2.7986454626672357,1688.0882349752226,10.50853935473266,0.09767917864093284
2.678495002095276,1.0535013851140111,1.1025377767189068,2.9675454289032412,2.03477864428418,1686.0603548579368,11.131738471422224,0.10261160846264553
2.1485928394342495,2.03476089953638,1.2449241005017544,2.856710189133411,1.559640451150661,1684.7672436114958,11.062224666134426,0.10593970725553642
2.1263769183786705,1.9424023115431757,2.3848886720337372,2.9407645192493232,2.50540048437278,1694.5720479248603,11.07874961232287,0.10877938997725461
2.2796075400891795,2.247075686466382,1.6573537229842812,1.4534963476072085,1.0874413126485252,1674.5146043133143,8.721684296183529,0.1372604128412536
1.2454773586272592,2.6260966822992726,2.2940668901739922,1.1624337771070568,2.561959089508571,1680.1889500883121,7.591164813436396,0.16473105068380695
1.135092416527482,1.068535298358372,1.901458847200284,2.934117102109346,1.3116223853543114,1682.6266680222018,11.251024504705207,0.09038400723638965
1.7535933231556184,1.7957427816268334,2.9386820125153026,2.305370435863294,2.301612806635565,1690.0687677944331,9.504658289443313,0.12695637437052631
2.516650812980118,1.0364099740645576,2.84916016205005,1.8420071992209501,1.9928190967063366,1684.7415918745708,9.233764041181308,0.10444247745049036
2.4937373270698364,1.4429835296048323,2.8459815797633468,2.4645078664904405,1.7749007827031438,1689.4526405373354,9.781730584202737,0.12047094770346527
2.395728987284958,2.3332038847290897,2.8165599781865334,2.8244499244510077,1.8505361975572188,1694.2705448457657,10.331168374682202,0.13668583409127227
2.6425726734904345,1.3102396769512559,2.5227820704881427,2.9942934505778176,2.1242888144592884,1693.6661266167964,10.824216949605873,0.10024969395992957
2.9936610253645575,2.1161796465642464,2.3435592897166124,2.709873566503309,1.1497210489881065,1689.0075709407586,10.166256327661571,0.14056428634703316
1.7400605832512044,2.8726051057463464,1.6694562123656338,1.4971523085420202,1.769095159289515,1678.1249904439396,8.434687435339265,0.11963915393274421
1.3275570424005265,1.6763139075234343,2.4921886689462127,1.55206207747379,1.6620840090063393,1678.0808968716594,8.557277472957104,0.14531266782570745
1.4118303787764934,2.0636727970345046,2.3910356588693906,1.9566098792836015,2.3451687172236078,1684.8843019943035,9.241505582618876,0.13074144460204845
2.68803442439504,1.6300445815968747,2.602119186093037,1.8779386921441144,2.7143909517133755,1688.888049705622,9.45117192302763,0.12192316423911269
2.350465504728729,2.318295830434935,2.8436137740204126,1.5629862755224648,2.3468465005595647,1686.7241478242818,8.420523962031938,0.17327999815133577
2.818345000580101,1.372291089740312,2.0413988436841795,1.7148077604442016,2.796566343421095,1685.141444147194,9.772492510620282,0.10319346588800973
1.6680700399799904,2.4272916093413284,2.7038357181487136,1.994395693050303,2.4694298815552536,1688.6072717197978,9.036985171423272,0.14625179596424556
2.0900815337998697,1.6701228359462397,2.788097142589149,2.5170783177613383,1.1874681467489117,1686.5523874978505,9.825747340583845,0.13998388128108935
2.6470178620806535,1.8452030255394523,1.9819977470820593,1.1146193023383586,2.279108948601828,1678.6242390598134,8.83748510596898,0.14333230930685
2.7422594947391428,1.7771535422799984,1.3393007064935052,2.186893030640113,1.7120709336092657,1681.5070618819327,10.013242440175144,0.10650873436204955
2.077157149083192,2.4163506693241192,1.9400199946959662,1.1987820519775703,1.7376760429688136,1676.6525588027887,8.270996169955296,0.1538293893423336
1.720844674003038,2.1783107060379474,1.0070330758752915,1.795191919023816,2.0682460339003175,1677.0752820768712,9.251497645636015,0.08787186779494044
2.9035718738122505,1.1329716449285612,2.837704969316473,2.8824571090579374,2.893643214678719,1697.8732904300248,10.498839056760456,0.0746233680265458
2.0851944920586503,1.3918793591382592,2.8169500359975306,2.9321469569840204,2.4040902232994235,1694.6527135099084,10.689345287707244,0.0928666550384151
2.7544406766639655,2.338878710597759,2.5694110480441386,2.2170674115797206,1.0384908751571853,1685.691875363766,9.300912477740233,0.16262655365885625
2.2415312241901075,2.372309322894413,1.233255239415797,1.1375988935607817,1.938882172855411,1674.132804381661,8.403111476001847,0.11059407544632152
2.883845997487726,1.3991119608434377,1.5212102018119185,1.5337822733824586,1.066143992584628,1673.8730121345418,9.316093663895707,0.11860765215042296
2.755621175313105,1.8913750415651776,1.305591284677555,2.814039261450444,2.171760439842187,1688.5405458076832,10.959635791803187,0.10430175563668007
2.0113119889419577,2.1965320049635126,1.9370872889307182,2.26179028157158,1.9588334014706368,1685.1668602025225,10.012430867426364,0.11877457764860394
2.854247975119205,1.1804244076124581,2.0438662747182113,2.067315486240865,1.7655824046404933,1682.9196644558124,9.912630586460505,0.10593423513488726
1.1467284292606623,1.4131229453986218,2.4081499795529306,1.3535385892608354,2.7328892682588486,1679.8981148220082,8.482833873620656,0.11171539842873236
2.3403412300406066,2.1499494000921517,2.0428132627562396,1.011373417511648,1.8676329552163902,1676.2560666384957,8.301428116118819,0.1635185675778883
2.03220228583001,2.1200145265758397,2.121827754982357,1.9381279191008864,2.8350896413174174,1687.2879277267623,9.589266313366057,0.1167360979613158
1.7895090446867588,1.7106443982320034,2.0975572636179436,1.738322249401798,1.5912677727728197,1678.5691915591124,9.197646048587961,0.1307755011024072
1.8883324260487435,1.1068453144664487,1.8123001211818328,2.718148034034216,2.672913526333028,1688.4821730886413,11.050944473857296,0.07786358685421384
1.3588444549585594,2.1798053304102765,1.032088705952246,1.3720437634515288,1.2180645936305983,1669.284228285762,8.328430946940463,0.10029997970709296
2.4832167137080985,1.903424475641314,1.8635355095838342,1.7323983781460217,1.8376519326641396,1680.6350431034507,9.373779238448723,0.12707036318166698
2.8986884127326116,2.529424524371045,2.9238503136067857,1.1103363386501848,1.1611373692060762,1680.0947860517192,7.526982262591906,0.23616394422132236
1.9866537092045098,2.2966308369077417,1.5179680385605978,2.119711471371817,2.9797746061116808,1686.87847941402,10.010657619653603,0.09289131536944878
1.3014281513911703,2.90932911496622,2.3943249607535275,2.3594294366450477,2.610348153648806,1690.8946355848695,9.826311126548763,0.11716154311095706
1.6322808347602944,1.2010617950365858,1.571816678037511,2.7759826374421865,1.9022967335427166,1684.011338926646,11.081067840239001,0.09155902304841285
2.20447603781931,2.6200106987938856,2.8839078590982172,1.4545354083498347,2.379699896699856,1686.5736889420896,8.040454829914072,0.18586386336627292
1.8491175763663859,1.1937413598587938,1.2966945440225814,1.0339904461026683,2.0065818004387035,1670.262631656563,8.888250385623824,0.09081383172077966
2.3866832163590486,1.1187029764425962,2.217773907675837,1.858869191155494,1.542347648965915,1679.864493323018,9.599364970172276,0.10757592982398276
2.0255044286415735,1.5730513079601507,1.7426457443318557,2.192975443348034,1.209877412219764,1678.9955575161734,9.977987156508267,0.11578963346206886
2.493683632477066,2.0461965669577227,2.305437085277352,2.9422947018666936,2.947040221013097,1697.2956564801864,11.14422049151034,0.10227641175938194
1.596012337857205,2.6850773533239938,1.66010601126626,2.475474338668073,1.4283142257626267,1683.3427382772823,10.308304132034957,0.1061328002364188
1.0267764039044398,2.3134666769285044,2.5772762619687786,2.265582377326102,1.7686195740308184,1685.2241504412757,9.463053120700666,0.14417706986552153
1.9718226499722176,1.307727226537019,2.096143638415562,2.2512690916023987,1.118088727498876,1679.9091174206712,9.985343712497318,0.11398598908311865
1.562733431836912,1.2772854698954585,2.6356153583164224,1.203781928467487,2.010592599074738,1677.22777775246,8.355601278116922,0.13237928745738886
1.3688381821079427,2.560026932122322,1.6745246620108345,1.801208504702222,1.3914388213672826,1677.2121572508454,8.954818807881626,0.12246003578022792
2.8037434228249216,1.6343223151453805,2.7633635062037056,2.0271524751552334,1.966559073686835,1687.7272842428554,9.299781050269978,0.13785568167931375
1.0621808389359693,2.2264444400489207,2.4328695548450714,2.0278903984288927,1.7849145551353314,1682.683071437457,9.122550572891114,0.14397073750502618
1.8735695739555203,1.7691106346742878,1.8962505952318744,2.0396234189583393,2.2163429188308603,1683.0951229192274,9.812426108603754,0.11093447071120902
2.175078762935236,1.4842227263226822,1.5555228238635095,1.1746669322398682,1.1606977995856604,1670.2050796293968,8.830954986243384,0.12324187670153217
2.2123072144108216,2.500117263643051,1.6810193300074152,2.5606027614252707,1.2856824425069864,1684.483367483008,10.419912588796155,0.1124022199625566
2.2481957915397524,1.9888858672498155,2.2620010395177825,1.7497230282238112,1.8176573266054092,1682.1446780957024,9.146743334823539,0.14315804915890099
1.503770916133407,2.4585267658062895,1.353490808345967,2.82939863331325,2.664207662662308,1689.4382145148418,11.264901952149394,0.08626446979563525
1.973587921372223,2.9597131220961472,2.841212966038441,1.8914388922309013,1.8199710969889842,1687.5024990714826,8.504619152756922,0.17331786365570112
2.1932467428762448,1.935556035844287,2.4638804143766313,2.238028659176927,2.4696230850896503,1689.489187334582,9.850105322305177,0.12201704107586778
2.93321912013502,2.826062437875935,1.4550699662211994,2.1543256148719623,1.0666841666861007,1681.7944457897916,9.513616919036572,0.09672070812316819
2.9606508393374646,1.1071579537748646,1.4165768076372902,2.57847706866868,2.7359124600796987,1688.4049645864363,10.798039979722835,0.08893354949785344
2.271915206435687,2.8480667270317253,2.84486498262743,2.367443195873812,1.5208132312647384,1690.3055663260086,9.371555347079997,0.15868924255233163
2.0805714150024537,1.6899628877502302,1.7855328117560116,1.8776852819834606,1.8945116134337168,1680.2090094793095,9.61990320877129,0.11423469346021499
1.572493209077664,2.5638814048654592,1.9632595508382074,1.450496969104277,2.6625814106985612,1681.9765604337388,8.485441227235096,0.13064808325803806
1.5017511656598796,2.750033166632814,1.1639862688524745,2.3611715889720344,2.0720741595149144,1682.990640652046,10.135365953961632,0.07589055712943599
1.3349924118688181,2.4993675165969558,2.9920102500342716,2.571065015621015,1.544591597103455,1689.6377325963301,9.71157359293487,0.15785545400947876
1.3731875985214619,1.088908543802599,1.9272652669746608,2.3987044552453236,1.7643590289058932,1681.2364061463318,10.381340582172037,0.08365608195831901
2.7476327057859127,2.184134736626957,1.5847376352055842,1.795663281055389,2.0011807763216156,1681.8535432415995,9.457001876657905,0.11474390405481225
1.0985230973251283,1.5776452001064836,1.0237472594830896,1.024364788821782,1.3655867180099421,1665.207031953126,8.04869310410395,0.09535142692379464
2.5358571244118995,2.5113134573176072,2.6360536432618185,2.265727670342762,1.9567593057570698,1690.3489601358185,9.519932838195148,0.14504250213402198
1.7289507376302942,1.6150584192585884,2.0869286380381227,2.365765827032115,1.8200834992121306,1684.0202352183105,10.206397282210858,0.11189496851896472
2.969007815825644,2.7872536249675135,1.854124980130983,2.6060840944323926,2.0200273596292115,1691.3481718241665,10.413207357019044,0.09828477457917716
1.4265864837812405,2.5479111035502306,1.2558538676174507,2.939995085263565,2.827931388169361,1690.6012252298328,11.524285559583856,0.08039652070375973
2.5282463570917963,1.073930871529693,1.0249349050585688,2.1423388542013417,1.018194055366159,1674.4974785575569,9.959825180067279,0.0923188361300418
1.590488643199018,2.7251467220158982,2.2262263859573865,2.5567260880087685,2.9666444283188413,1693.491389931551,10.480907346549602,0.10153926509917716
2.092732887152434,1.8275425117648354,1.2344588480829315,1.554173256799571,2.8317449602089892,1679.7176608130842,9.345556080756392,0.09333165512883003
2.5327446197492955,2.523599618072235,2.5346100068702464,1.262514634650683,1.8941084397000774,1681.881326503786,8.14218471967325,0.18532941304515888
1.1532529957819042,2.610156315446985,2.7219737811940736,2.951851752366309,1.0860167041617708,1689.1296074688662,10.798519525766714,0.1484978305902922
2.800257293005476,1.6895511504058986,2.778762831255089,2.415123958360061,1.2258329250097257,1687.6126952507923,9.554959759903358,0.1461964652103705
1.8845910701367528,2.2439352743921734,2.8456301317812134,1.7610680740884295,1.9583524185298244,1685.2608269306243,8.553398079907097,0.16998156876624598
2.3684876565456845,2.5497723332714277,1.4629227538171479,2.995775043938119,1.638830344666179,1688.9041117760073,11.291795590193137,0.09831492773975382
2.839670341054311,1.69215543345438,2.037994857041233,2.0603287420468774,2.8821643639816985,1688.9682022707782,10.031823361269012,0.10653691056821796
2.3199414095023014,1.0855257038376616,2.910617734136289,1.4014573980071106,1.799311872706509,1680.4088185041617,8.677658800560108,0.12797866602417443
2.307589990080763,1.7168058402363258,1.5224719373493214,2.833050521289409,1.2177256155876177,1683.9656007989854,10.922482253141808,0.11661290305538953
1.817473903656472,1.23457989253624,2.8391936854305277,1.4647273088517647,1.399005242522622,1677.948897679761,8.512183286439743,0.1401938172654738
2.790398336644589,1.3398288812838126,1.217964835959673,1.278017097882889,1.0342675384709346,1670.0126833274212,9.121615199654332,0.1082566592929254
2.9846154215159686,1.4467437116868413,2.8540298646614812,2.887381062740255,2.6567917979558198,1697.8501244377537,10.403474991321715,0.09716642829403224
2.5630037695400585,1.1026500408331092,1.1572905751853764,1.5993354483999962,2.6905196034090215,1678.50988908414,9.831240293332671,0.0780210250235126
2.9653807300264168,2.959755640942526,1.9795766781192379,2.6783810600264935,2.9763735667425557,1697.133007629715,10.724826198929522,0.07977282680875614
1.3910190845782897,2.197708169823522,1.3459925755799709,2.9840711509497444,2.6659750685420303,1689.7346993885608,11.59925102956014,0.09309663073410057
1.1365934755608982,1.202271422956185,2.2281536073065475,2.3153673705564284,2.664100304877082,1685.6823534283562,10.140105367975737,0.0747263389988459
1.2908714491962747,1.6457549282436768,2.2559546643265582,2.4649871831595345,2.581552766253205,1687.99026834067,10.333947211071397,0.09841518054478543
1.1049067998782325,1.533898885562065,2.3517275243218307,1.6067987671537296,1.7324670876014368,1677.3198646390842,8.713416065163987,0.12785523887142028
1.7404274982105272,1.826275278663339,2.207284188662875,1.0243123340681304,1.3857505830874794,1672.7944099823437,8.092159413488131,0.1682714271540273
2.8776442269935614,1.70380191319866,1.7038153279378818,1.6017341327464736,1.2783843873485077,1676.8705976493115,9.259875641768733,0.12976814567180106
2.1899335085259093,1.3537041931807152,1.416181804061402,1.610522284046294,1.8888465937278223,1675.9103931291693,9.500357881986671,0.09760236895368662
2.361295010439403,1.474772521270939,2.9595022376907902,2.496410555119231,1.0693139292183433,1686.8351787671018,9.580601430129168,0.13861488760400628
1.947464020538498,1.658718513640227,1.2002140902047913,1.6298813441376512,1.2455479037873922,1672.343298618377,9.198521366455326,0.10361040518590137
1.1771390425699464,1.9411033745141775,1.9309824984809505,1.3247225087271233,2.6570766235113545,1678.4553387864482,8.404486783489952,0.12429698567557002
1.041782304552355,1.534416200396906,2.8622768382544415,2.366133924520801,1.8219213942081265,1685.7666041595435,9.571582521405093,0.11668219782788748
2.4571924702143537,1.3854065971347107,2.7141181179069562,2.1221296520415582,2.192489514616575,1687.8474586516236,9.583284812674675,0.11393364382912743
2.2897308705557045,1.0932519674120824,2.9350006745083155,1.8216668710423238,1.7260240448958335,1683.3849684791041,9.026987105393397,0.11486086424265665
2.943569518872697,2.593294866133893,2.451416790387989,2.0599440004560394,1.6468420089831661,1687.6869436888408,9.21655748363521,0.14961322131271299
2.06813594111577,1.173634467045455,2.2647300972186177,1.0793225079185216,2.1654667053773586,1676.2130853690296,8.838321317556819,0.11938672872206396
2.2943000294780598,2.4943271745666395,1.0988180906543092,1.185441985349981,2.0609479052378186,1674.839629641023,8.410394482331556,0.09790418946565528
1.9450726236083828,2.1507313846744793,1.2877054429640686,1.8873241632179776,1.4682010199233793,1676.8597949076507,9.414478830300526,0.1052296090107617
1.0856377657763543,1.7923199020046547,1.7531241317096835,1.0132746218090805,1.4339039605057438,1669.2263525084393,7.900793287989125,0.13909064683344557
1.5272391244961658,2.06208549998585,2.196534798354226,1.4399323072560897,1.9772211188755484,1678.6350106506234,8.509309163905671,0.14770966105786607
1.8679324591353506,2.3924430446598683,1.1593976368456511,2.197413451401422,1.9031787914414577,1680.985534385777,9.906661210246698,0.089483398281955
2.9789065122946194,1.0610648008447836,2.55658880811405,2.1221467921954433,2.9071093236791556,1690.7888980062505,9.962730082505255,0.082381629400233
2.8602570306098913,2.4488907534535116,2.8658392681577896,1.5937632878897412,1.4401431446798554,1684.5280966426265,8.251898865007169,0.19630005411831503
2.532439057989044,1.1469660823358478,2.149468995271101,1.5623929010205349,2.186908844792743,1680.5445695961278,9.500227344079399,0.10428668350586108
2.4876604904569914,2.817271741750101,2.077063060490482,1.7780717719054797,1.4723799636070611,1682.468083258629,8.907485425518216,0.13940012862430282
1.2025170815720252,2.3251648581377413,2.5252485406552325,2.543363878528381,1.2595934111129372,1685.304540472734,10.065640041675916,0.14554788996706258
1.2692565452976379,1.7393236383362,1.2269990453748205,2.930009894019488,1.5885404199999373,1682.62120586016,11.344291816302231,0.10433915902140989
1.7380084839057217,1.467200982257387,1.091301846762737,1.5716791545816584,1.462321925016788,1671.4237661480984,9.170155983797754,0.09243454763128803
1.438839377584478,2.225831870318421,1.428613997064102,2.5938547037946806,2.211226416585603,1685.2508775632225,10.72599754680848,0.09689343370508705
2.3347537030409558,2.6296501242630805,2.311955929554811,1.575709829225466,2.78748686392984,1687.0427112992925,8.800181268128181,0.14050401026175374
2.5782919950047516,2.8484808204365866,1.2552482687137838,2.9815026751721705,1.2493082430710476,1687.297559229412,11.106014830953356,0.08054074935925627
2.7812296878596383,2.3049392993611404,1.382738990853854,1.1354109883560808,1.7945860362486528,1675.2717203263755,8.603954007000453,0.1224276809033152
1.2712973758362256,1.2462953002210202,2.1408073942329677,2.994930865358726,2.40784142450608,1689.8083240504432,11.37693283319956,0.08238403389171357
2.745085869559673,1.4923632990868638,2.9762643430750293,2.5714939078720365,2.757384078408784,1695.9590324403102,9.959638027443901,0.10073437258525535
2.2921677768641335,1.0433691624166577,2.7220891591012064,2.2847111431062315,1.2358213782504972,1683.6931328168814,9.66202031853373,0.10728301626818393
1.600532090557936,2.416928164230314,1.4885578950052032,2.07508301518208,2.3000491974120063,1682.7398081798824,9.715238228846488,0.09870778348689684
1.3237352697632185,1.0970223755719015,2.0005996730717714,2.592397315313618,1.5924990667687626,1682.2035004489585,10.641852049853487,0.08689497783613329
1.9800608507377238,1.9743981063223255,1.8030573284723632,1.222555001043926,1.4804434174220378,1673.8090337409105,8.528645135068373,0.14326400923653287
1.576205667106133,2.6193738984015877,2.995867243725852,2.6135433489796354,2.1497610572183294,1693.5272245871538,9.868989023762767,0.14304298688159203
1.8608873520843843,2.370742501330963,2.876256268993756,1.1663599754191873,1.7133849515297728,1679.9558031832212,7.519415846978928,0.21276946517486003
1.564439092161855,2.3403240287395732,2.855060827552936,1.2066115509990212,2.583973934619011,1683.279604456725,7.593482808651001,0.18795172342473
1.9821982533293716,1.1638912630784193,2.493684157240474,2.422713423753956,1.7862134634991544,1685.7168168280105,10.12320144699867,0.09693734742542567
2.1973707918132814,1.9662733065963995,2.754733516435892,1.151901175263593,1.633333370322646,1678.7862562906384,7.995681255268159,0.19428216277609192
2.5417399113181176,2.011189292778737,2.6644413144599772,2.946067059121906,1.9486766263006328,1694.548369078208,10.655966731027965,0.12585322132098206
1.8977726510371749,2.604406580655689,1.2299659685350437,1.3627060733956178,1.634912575793562,1674.2300157408217,8.398383241499726,0.10313606826656911
1.1053946343103571,1.0645557815070832,1.0231226229786639,2.5810811932725497,2.110627550179095,1679.3688190180203,10.725697687924507,0.0762750564918909
1.6023652070263457,2.1632955846634445,1.9884653344954386,1.43941225047975,2.4239534811387795,1680.0830756317216,8.647359068100451,0.13318019423654026
2.905515713513572,1.2943510327729244,2.5819376644830703,2.4831826428147963,1.6788804324156554,1688.5881609810956,9.951495950725635,0.11492192806159385
2.15455457618242,1.8965988979551316,2.508806369156284,2.2045119249977674,2.6189344270799424,1689.9193087821295,9.80095844911997,0.11965330074288494
1.6927476498473097,2.1175428021456595,1.4363877059158916,1.107484856042691,2.780786623463485,1676.6946227315302,8.403081090191295,0.11290524082319295
2.511756995437065,1.5529468257303871,1.4328087710926827,2.295897815428126,2.488074517567046,1685.1698088425396,10.397685509720333,0.096269177452057
2.488638224221111,2.658578657739623,1.1909912226941815,1.9553012089970967,2.960688503553153,1686.0538310440927,9.694884565158501,0.07429450622583122
2.6809391584137705,1.3179785371354158,1.2846736099200915,1.2450912568405452,1.0010058198865543,1669.6062547322297,9.091150727888778,0.11006525036943346
2.45664247058267,1.4392533882154048,1.7903881552245762,1.3944975259423447,1.6684277917919035,1675.7972811253967,9.208917294738482,0.12091485880610281
1.163808575953864,1.2138678124560376,1.7942346410415506,2.614998577293295,2.9238877512956254,1687.2620742981176,10.862770716103771,0.07164583356174298
2.7359529249033208,2.806567830896979,1.856226060779694,1.287887506014713,2.6229677831343166,1683.36162998143,8.598039786148538,0.12681460347374718
2.1243034386282016,2.146636336650361,2.9453409240507886,1.1452606864458914,2.8039473208784624,1685.0686019607454,7.872808823146239,0.1849686899032181
1.4458173927613154,2.136336218601074,2.2639002289686614,1.6474125157478778,2.3403982014613254,1682.1435967971872,8.777310598793186,0.13825871633846273
2.066988848506778,1.5819964073903499,2.1660798898123708,1.90288578159531,1.8795125047984398,1681.792712007889,9.54090982145388,0.1208485029166708
2.2194918994740345,2.0300861206019807,1.2439722310653067,1.0372926597341448,2.1991625789660216,1673.7204673014865,8.546874798360761,0.11239037732507245
1.4121220013253926,2.780473275458438,2.183305428534373,2.5462424058475803,1.1435393058419847,1684.7986747289149,10.22987695920754,0.1315572342214118
1.5940098521423445,2.716036750651123,2.124182924705994,1.8484403665712001,2.7407363651037566,1686.5367466895818,9.080985535557243,0.12170728988403325
1.731574110766847,2.6498825105218313,1.6982565945503652,1.9962146553778717,1.3266563031669933,1679.601363884198,9.357024910104956,0.11820183435253342
1.9851693205356633,2.947995883863859,2.069248101764998,2.5430450530575612,1.607460746319236,1688.0599327210105,10.299232946855055,0.11212727846621366
1.7724345569509796,1.8922341643790965,1.4937948317884586,2.8222498575198944,1.7418560068266131,1685.2324898425572,11.111672263295015,0.10768270576620474
1.2274168509250192,2.2508402124564113,2.324295349239682,1.7429229024832078,2.2340423601239348,1682.4341255549941,8.752715712933393,0.1413862454814832
1.3680055411359724,2.10815103643735,1.293430399503431,2.5999893195659975,1.766504567329172,1682.258715526001,10.687686047029835,0.09939384593903818
2.581932437574743,2.39760479372653,1.3397346376935657,2.8891167715573705,2.939723920379751,1693.4642763353572,11.304464123720678,0.08568813168926113
1.114189670208323,1.4375287593378778,2.746014582558856,2.310575668514716,2.326232550460655,1686.9993312256966,9.66435342543486,0.09958191709653876
1.1863045735962512,1.7802003897977194,2.544103982212435,1.8841761128822596,1.4679265238246377,1679.9255548477015,8.933948200664508,0.14412749411700285
2.007041850103591,1.2422549897244506,1.9270626063017067,1.8667863330300725,2.5901565790690726,1682.6583337474194,9.83373751917597,0.08892796312913702
2.0749108570763775,2.9320398049192016,1.3412938051812353,2.436633365949219,2.749309019166441,1689.1748754070577,10.426480115948637,0.06619455086841962
1.3574562772789749,2.1771654823012048,1.8847143010521419,1.0190704882900439,2.9673575531584824,1678.2396952289569,7.963356611341304,0.1356453994127247
2.3679533849994483,1.6847275039770668,2.6265333405328244,2.6383358734180082,1.8265095744519233,1690.286980260865,10.229715656134413,0.12320627185486158
1.4954487836269381,1.9454088553302815,2.084895667116454,2.403779977704744,1.1196532646970139,1681.4000195666633,10.108100544412892,0.13073718552675467
2.3070206961867483,1.844852656895373,2.3473906345192823,2.0605944982036304,2.7482520374354267,1688.8860720742216,9.759435235369656,0.11637510203260451
2.521541142220009,2.7340532150413397,2.480835271271253,2.8217493971399827,2.1625901619508756,1695.333659382578,10.635929802362861,0.11728840951123215
1.4114422144385865,1.2895869910606954,2.5711105571281685,1.0965937172164009,1.7636927234321964,1674.6771716192745,8.160251939119048,0.13958042146250468
2.4996658579000828,2.015479734143355,2.671080259033952,2.579516842172861,2.5010871131021393,1694.120727989551,10.189739809294354,0.12068715000892974
1.9670552205421512,2.4111466519432376,2.4499595334505573,2.261453461875188,1.0331100953606995,1683.7765406784522,9.531588652053282,0.15571864701223675
1.5663518645858145,1.2589439702475969,1.840160115299837,2.244274090994624,2.84891249752064,1685.328911439953,10.306923832992963,0.07801790073315079
1.913682171497664,2.3966129906338436,2.937389529844508,2.461561463864345,1.4948902777037392,1689.4467594293465,9.55098719007358,0.15946595658084536
2.897831918615079,2.9960266121105836,2.0060291405481068,1.709658505263639,1.182203248835465,1681.7042595273545,8.704003913502946,0.13561780636204213
2.5584519349464467,2.379422647926262,1.8637960162232197,2.073031740896172,1.1039115998331968,1681.2795002957805,9.508831673204234,0.13223333941567483
2.0237707318267857,1.7895438083131847,1.253350505730364,1.022063436977977,1.6541041169343935,1670.1970524718565,8.50123401430404,0.11484439255340294
1.8404551442445396,2.6678532367319745,2.0297601496256084,1.4972793135703897,2.996596668268867,1685.0030696391293,8.659908510336168,0.12608574615136384
2.161753921846305,1.0378637505777135,1.6000515075399517,1.743086930213076,1.4802879100834694,1675.1537225596326,9.684203529031134,0.09111083501896527
1.4331773074243401,2.5168222255248,2.708135345337501,1.6074567369247172,1.5525128744269152,1681.2076542980997,8.1071637812389,0.18515153455499841
1.5880388715548692,2.632757972869925,2.8083904952933336,1.8163984613443622,2.7310699633339466,1689.164877411114,8.55556346916501,0.15546514845630366
2.447942435837046,1.5021961700913626,1.2206893193421084,1.6466517947120203,2.8911299789655285,1680.715316867939,9.721115715773777,0.08833283807401507
1.1315642956548841,1.9245146329812572,1.8425421253027305,1.2507495382573492,2.862007941022086,1678.2473034584248,8.317267819414813,0.11941689653233059
2.367757377650528,1.1080251126815057,2.0755465158887034,1.8545395830955647,1.8804429117474915,1680.6183706810098,9.73785812353567,0.09854712946178995
2.6355939232575984,1.724943818540998,1.4684054956019992,2.559704674656998,1.0220009235173042,1681.5279452132083,10.37626637976945,0.11758666059711112
2.506691165201377,1.9828916243941759,2.2367442067018395,2.1653236431441663,2.454146814037479,1688.6698915183908,9.884347496901281,0.12061334391712612
1.7795181440643753,2.2656030831221887,2.2083755526626416,1.6795837410235384,1.6193356411833375,1680.0120985094193,8.82049349684907,0.1505945807610393
1.665401532037057,2.1701122155988193,2.182780282538764,2.4726034298103405,1.9160655606371415,1686.8498233275557,10.265769408549868,0.12272681629929495
1.601029357300824,2.2219289953188612,2.2049286823228638,2.7812689093082765,2.3867578308985204,1691.4002887345628,10.919147695224089,0.11105358300097637
2.518823524299311,1.4153085704429933,2.9769822216886146,1.1992326281815109,1.8889817213034588,1680.7847306011738,8.323813418827445,0.1654014224070584
2.64113274672642,1.455124466109595,2.4669023144239954,1.7946256003113197,1.023064931238367,1679.5737771886836,9.142635556558057,0.14641947374871067
1.2162093648875434,1.4898932318981237,1.9522385260821318,1.5965962759347592,2.083807119572113,1677.1416206646925,9.007086760739703,0.10833608378857963
1.5580686578638132,2.0181911109563178,1.4408798099775098,1.5584530328914006,2.5456698162483486,1678.6013892997642,9.01139686218775,0.10330636158284455
1.400184763141839,2.1579057952323293,1.6808797329184124,2.6303075082558234,2.3878207974920844,1687.2229635716149,10.801377209682675,0.1008838581477236
1.5387097232078806,2.7913059765041717,1.3820558646347585,1.3749527233203056,2.081840014481271,1676.5984948493367,8.242077148669848,0.10376058774014771
1.7824362335067347,2.146242180050324,2.092322216630196,1.9068359590677804,1.0578081240262536,1678.4641457471332,9.206499816606778,0.14610396242609192
1.9085720181040555,2.3368298410119417,1.751602787050673,2.8049332349136638,2.8733739485795318,1692.6719359534197,11.198184815570137,0.09447363796144918
1.865253749044972,2.0743187168668475,2.877168870013727,1.2281811701793695,1.6044977021741067,1679.2741164338997,7.768381634491725,0.2008552952510307
1.4712984969806262,1.358603114383038,2.6042009902031835,2.757918228993569,1.0467877958676468,1684.7629116477876,10.467704831601479,0.11649456600817013
1.6844105081928644,1.058293148638219,1.4520105368477434,1.8339851455960703,1.0497177989992872,1672.1827825892742,9.636932397564244,0.08900326145470731
1.6317081141858847,1.3241796665591223,1.2393573715116821,1.3809097932104804,1.3340423974312066,1669.4729259555959,8.97545882858727,0.09463085910790986
1.9924694322572514,1.5622748291587447,1.857997021234825,1.108612431319614,2.67745959901346,1677.5863985964193,8.847233315852087,0.11842454978654503
1.5277873266316344,2.138969535484015,2.474508189570205,1.2710068881000134,2.9271679365830585,1683.0134354912393,8.161134944552698,0.15209376527039412
2.3461228435568366,1.313561663437593,1.2836143088150798,2.5719761255289026,1.2748508716812663,1680.2674869750222,10.560590552393625,0.10409813290031357
2.546018034146548,1.7954187088792775,2.7457922093712375,2.547140374162833,2.3168664759072746,1692.9894940274826,10.052777414577655,0.12087721760030345
2.7224592862954977,1.4190166398018036,1.8487006754065183,2.7698006076524853,1.2335153132321546,1685.32459790951,10.641455225104643,0.11808664403301142
1.5303536693793642,2.8736087202572884,2.209266319117428,2.640369148559626,1.553160807075762,1687.9642984181066,10.466506448608092,0.12113014568525095
2.4105251871574715,2.8218133006042248,1.8859082623039218,2.4520543388159375,1.408446550977723,1686.3426129441193,10.11693582223604,0.11135055310879764
1.4132897762222005,2.431188876073927,1.6311940197574037,1.9976419026051615,2.260354690478255,1682.2083891213167,9.497528713764911,0.10597332258166962
2.2976830037461475,1.7926119012284079,2.2640499237630234,2.0416425646051675,1.427098262371327,1682.3286529513261,9.537537748749592,0.13736485263677967
1.5357093534754263,1.6476570562833472,2.2552641811480445,2.89797295065306,2.911349823776657,1693.381493470635,11.199007480734299,0.09098969668926818
1.8845581250313064,2.6313761397959534,1.1446223483395477,1.2455777203876,2.4340936058940548,1676.5282841508752,8.312827623153256,0.09272795832938296
1.9073761363593515,2.3936751669238756,1.6353722520746792,2.2926519796999014,1.1760433611707044,1680.7513383251408,9.96725022369113,0.11658343288489173
1.4011967548452082,1.02148748879863,2.5809200466209754,2.91131091606597,1.312674684902153,1686.077686841623,10.798702949088574,0.08810423096183602
2.681250966665806,1.5333511228535666,2.8217302574883663,1.6416400658888013,2.1563077294803126,1685.3395735489298,8.919397408456886,0.14290379716921203
1.7416869440172107,1.6130698304265205,1.0351156970638997,2.294734689746196,1.9188597111392771,1679.1317220708738,10.212922959825788,0.09140967592532592
2.9701684516534224,1.3995384497158838,1.7386579368541366,2.26850965301261,1.0941620596402197,1680.8689288781231,9.967591759064046,0.11896951753570423
1.947544867534679,2.968432883862403,1.3532582473736685,2.991040588802222,1.1612522708983646,1686.2182783301446,11.34232406746455,0.08054013216463736
1.5414823909765392,1.7109433403190815,1.1181676101164877,1.130728669705988,2.2322159554138867,1671.675077281331,8.49602402665056,0.0965368588957757
2.8991507855345606,1.7528165852271012,2.537345627010192,2.227463386861949,1.22771137073946,1685.4490916080626,9.495530676135056,0.1470766161677307
2.274301481580245,1.1729887865659019,1.010415625410189,1.6284184960357182,2.642555872783324,1677.332432987965,9.710721726181191,0.0759669544352228
1.0442801006358386,2.3536227667530647,2.861015419292335,2.666479719779896,2.288432221739644,1692.0667576412754,10.122746252685229,0.13086458140895324
2.81122637919685,2.4765914640087576,1.9362923519629387,2.5533429175592133,1.756554998870406,1689.0490295618274,10.311800909409868,0.11572909232729495
2.9947863019649814,1.7976694478752082,1.3960807966878879,2.6063038523940447,1.113350899305317,1682.9799663133776,10.333843805041523,0.11710534875142982
1.4982202808051657,1.0110356250973702,2.428563758103876,2.059868103656336,2.42137693991815,1683.9520597614342,9.742844898953168,0.07360602129269711
1.9316656257513949,2.550208960597584,1.2931995374765275,2.978091325817638,1.3601612878300224,1685.7216702306278,11.331105519511816,0.09631848727195136
1.9255789232678573,1.5657980426819835,2.320458384237626,2.5395575755172857,1.0613946284716314,1683.3975675684603,10.23974430459281,0.1273430406250241
2.029376450560299,1.0633141654352802,1.6663413926636275,1.6343379570027845,1.984841163374907,1676.6122055845708,9.61341591837617,0.0867838751081136
2.3674119395099105,2.0173853669756534,1.9662991645935626,1.8705899353228208,1.8218120173505536,1682.092630617573,9.456581758339157,0.1292852348741388
2.4721084352137446,1.4542423695953846,2.068841994016034,1.586410824008773,1.7496010701518532,1678.9843016344018,9.310950882929054,0.12495161569388799
2.736689516184504,2.280664440235297,2.078150439266219,1.0586265250752969,2.4043899933172472,1680.4119828851792,8.5208840264524,0.15716934309116282
1.0642957374017081,2.8956613124284933,2.951280074159267,2.1744071214549674,1.273289425225052,1685.462067308116,8.74385915062288,0.18172126300660058
2.3918529881927046,2.4485070319223023,1.4126699230249438,2.6383239102760836,1.732988512621053,1686.154008222469,10.643600359099198,0.0981983833240804
1.458706923170719,2.7751230730569727,2.024799786514002,1.7931674982317327,2.676489121267582,1685.1878581430626,8.938845865508672,0.1193295903624143
1.0909042917051557,2.8359171935636382,1.3703427198888274,1.873221055056607,1.242259061064057,1675.6991215550763,8.91518444243637,0.09917446296375987
2.0669800262927978,1.662711630949055,2.4486921570769646,1.84616879615828,2.591931068397296,1686.007902207535,9.390371284905044,0.11959560372555729
2.6312355558717604,1.6075483986373333,2.473047820860752,1.3171050522567267,1.6637737049926367,1679.1003101071576,8.747980801534945,0.15806913398197633
2.781986317483632,1.383538431439086,1.5134058080326602,2.3028498631947523,2.5588129857673927,1686.1505855648434,10.436024129702647,0.09479695643993677
2.054106206391804,2.919638995721142,1.9491041907726754,1.1835821743787396,2.570011013370899,1681.3998415539759,8.076136374049613,0.13782658657816396
1.2577130674000712,1.1068506280249983,2.708458103354169,2.778599742708046,1.0656091455702812,1684.3947448602255,10.444942241367999,0.09854302799785489
2.737424129353779,2.6956487435073577,1.4143997370704997,1.5441515429570276,2.5789806720994646,1682.8715968893962,9.0521248526852,0.09567894571275108
1.8999647712843923,2.6884792133415143,2.9228293094548308,2.5131644224532232,2.163067302213402,1693.4014224186496,9.735035283043473,0.1434396684497957
1.6887759217517015,1.578754275369324,2.830214937600461,2.9142603963302793,2.555339227682797,1694.7486040555198,10.726977674311065,0.09615506604019662
2.165515488980396,1.8294224293794417,1.0050060553909579,2.1811059258768664,2.0393566870404056,1680.1551890085364,10.02736842470926,0.09194379831459551
1.890002485857362,1.2000771837617135,2.9844106347935697,1.8773838046674978,1.3613969885983148,1681.7219245222063,8.877516324454955,0.1273610090269301
2.255728228895598,2.8668373007897703,2.73071687739358,2.275937009240904,1.8795436304813817,1690.681397365412,9.37650354000636,0.1484848682689636
1.8903398605882609,1.5012917305362057,1.941451880865127,1.885938117626909,1.9391391549465895,1680.2974323983335,9.624319909177999,0.11004667853306262
2.726325073077874,2.9522325863806547,1.4879790961279304,2.196488455178022,2.166716922600106,1686.9772998492367,9.845226001767893,0.0794279508436633
2.021346631555647,1.6770237980197973,2.3465859702193437,2.885163607932273,1.7291935289661415,1689.645192343929,10.885145056772574,0.11699055233554585
2.0272529180481755,2.759161830881571,1.4340941955910516,2.3759514989250397,1.1668758445672878,1681.5653098007772,10.060436452437413,0.0964456222655766
2.9237743269398724,1.5651903270704024,1.3306009476675404,1.1408701396413015,2.939810814171045,1678.797049765566,9.396881183357616,0.10250461840014968
1.1405526638940031,2.8533852019509527,1.1217898529001327,1.9554585275199354,1.0055079569976477,1674.3011466517687,9.047037227068767,0.08387060131594226
2.6361705214926148,2.1114046527504993,2.063836617636804,2.176380896915794,2.8367332964245637,1690.2736945872516,10.039774581580557,0.11116052849501545
1.8100679273003386,1.5511447241558503,2.4396586848847646,2.054203105267095,2.854969800318555,1687.880340447219,9.707054261821385,0.10198879152713934
2.8830298609484535,2.9760607033231974,2.8307690677420503,2.0874368465824733,1.8668045813586989,1691.3586538259551,8.88920546346147,0.15847848100935968
1.0361985026700937,2.283562185540033,2.651077906993285,1.6791472160292726,1.2517513893900847,1678.6828957869463,8.205140036808835,0.17957635446162462
1.1409981078285985,1.9609356118124401,1.9260565385126351,1.752503777355433,1.8632965507962749,1678.1596971066551,9.008206820386746,0.12443610739632904
1.6996823486228168,1.693510078087627,1.9045193505619051,1.1686479314791158,1.5937464155464867,1673.0480704724903,8.498532581013203,0.13838278711387061
1.0484620965916214,2.3437681841774762,1.2026085848311021,2.539556534338832,1.9427825552717384,1681.956459297825,10.51264495007777,0.09089811526013321
1.256417115391985,2.2721121499773975,1.6202112369572157,2.296751384389253,1.613021605614907,1680.8440818876704,10.015299890836703,0.11071179093042974
1.468439171531344,1.429334081521843,1.8553337435852766,2.6588438159438406,2.9309525809356254,1689.129681933116,10.946663203277522,0.08311475201110322
1.6371036979771847,2.532020392145772,2.9673493613855877,1.7602385642519114,2.7574620672682038,1689.4568607229485,8.35468697331961,0.16345711814681124
2.620929900265601,1.586415637484015,2.1780572511965097,1.8505172695461032,1.3769541531174658,1680.5197861976092,9.41180507641662,0.13487535887939794
1.8997271276795478,1.1397200588269458,1.0770791873566545,1.5894787379804405,1.3989868955557159,1670.8348159872137,9.37831512570102,0.08287101537050673
2.5591020692202324,1.2193923677807048,1.6194150345630887,1.6544701043145136,2.947891433771624,1682.4557081269006,9.892089325117093,0.08622333168717972
1.5060594652173716,1.7522685249556305,1.4894976155165178,2.3273260211293954,1.3278991226113228,1678.5938640003703,10.186183335491302,0.10805415722837798
1.4315312703465894,1.261813728737631,1.129347541099683,2.627273699180524,2.7378329948150855,1684.2324578846608,10.916458352481985,0.08106381725015026
1.9621921665514774,1.6317869289695457,1.070956522487829,2.4983517102741075,2.8518069661878482,1685.5881064843236,10.703657171499833,0.08790735806732865
1.3407837935747178,1.683850015263784,1.6164151938507814,1.6718839234122904,2.148657025966929,1677.2216076586176,9.181523154174,0.10448883853391969
2.3817388882439676,2.8025155357465734,2.460158316076388,2.568323349631056,1.0513101113514574,1688.1599954638473,9.968928038125725,0.14339848306421443
1.0377089869893472,1.995976652380594,1.3043650142918644,1.637095624791098,2.936132861001146,1679.0465412672954,8.926229298877143,0.09079056187729805
1.9558310079129675,2.4490605372375303,1.32416162310995,1.2777128540479905,1.4055169464934845,1672.758093573711,8.350159640076068,0.1166129410722526
2.2333684732032606,2.2104011146062357,1.6781119500362254,1.2804572989785457,1.823885978412039,1676.360750484336,8.644874260838144,0.1337072582827888
2.5618237403312483,2.7424635503140133,2.8102286349866596,2.8012402652423205,1.32600376193716,1693.066959262527,10.123679521011994,0.14730659889469822
1.5272944857637967,1.641748841095307,1.2475804880772714,2.8658698377267227,1.8627186407454956,1683.8234269823545,11.232535798089593,0.10155261330947753
1.9151384911308615,1.855046427275344,2.552618347983204,2.376026167156809,1.8100129969029057,1687.1784229772195,9.893682401700731,0.13059989704362662
2.2479966543887118,1.534574084874977,1.1074575304754166,2.8795609768684054,2.97311232143288,1689.6868674801963,11.326604585816549,0.0950462422243358
1.3304767565202595,1.4561859116210158,2.555802031210938,2.682073328702238,2.263683311010208,1689.2732072892798,10.5152018161898,0.09596916934290964
1.2599433966883673,2.8170991229610642,1.1839112826619909,1.1516589653878435,2.4500500744378244,1675.0125381720484,7.696606133742975,0.0940479505798339
2.8325215045853076,1.891412634716638,2.0758414820711835,2.0408148611366705,2.9802806980123426,1689.8734703545867,9.956797882162828,0.1100808772722082
1.9859802271885976,1.8919837260058532,1.9364678503746897,2.635488285622584,2.263370300613409,1688.6396119817923,10.749013823090294,0.10803842100712939
2.0861476209302943,1.347989534368044,2.558639814949343,2.2858797271104807,1.699078453213797,1685.2412988952246,9.83402241151571,0.11337106977124892
2.701403510790511,2.8025423774081624,1.1985884632483714,2.93247641502448,1.4803886489816096,1687.8733658793803,11.004823010548426,0.07815956244445961
1.5361883647517562,2.054045813654905,1.405649612560708,1.7894860053105779,1.1731799575374395,1674.1402453541523,9.173747020731264,0.1138216938144302
1.7649904107654144,1.1922438535409794,2.1463591151577264,2.327067041532154,1.832791909608716,1683.152766857876,10.203457066787495,0.09401608222828017
2.6751836269075313,1.5991606572204609,2.363166186873234,2.4336671523005284,2.020963808362442,1688.8954011397673,10.13704239910561,0.11750474755636028
2.2828856292439976,1.1639192517416403,1.1253549688522972,2.8069283932817726,1.2289045305785122,1680.6572956574798,10.878157654896365,0.10399890832494482
2.735773144505002,2.3638130071845103,1.8773083371425427,1.9662770830216714,2.3422925256691265,1686.4168676102684,9.632978499783013,0.11695606015102827
2.6485542431835234,1.0580743374129162,1.2323377739110615,2.2657009542347946,1.8565177987627615,1680.379915605779,10.306781619295231,0.08932732647624014
2.081288131755481,1.9021304217626736,1.8315617624832132,1.3258628765690057,2.489902911244815,1679.30586620016,8.907797420723588,0.12535446248886145
1.8213592420393583,2.8925462205201713,2.4383171963922274,1.8975312029827573,2.274585348108707,1687.21968265065,8.921427766273045,0.14161218455390698
1.1668688380209067,2.0899361144261057,1.8616072905880523,1.7266803882651405,1.7036768000468911,1677.315112400201,8.925474036731076,0.1276807210111928
2.7139427390269018,2.3133097203532875,2.1311000581128634,2.8267487407642538,1.5820000150265376,1690.6638690323268,10.675463177416628,0.12421458871200904
2.758192289431968,1.715739836431038,2.8705353861819423,1.8462350053891432,2.5299986106092005,1689.4123412618767,9.10428698007169,0.13763805871639884
2.153467526167101,1.2726171337942955,2.0521942296558144,1.4200346683577163,1.9680575301817473,1677.4241447288782,9.207203862158869,0.11312895044026494
2.3219944068672396,1.705902081646272,1.1898581303453324,1.9067208378212352,2.122252281072699,1679.3325646046596,9.757454827408889,0.0961335909444507
1.6862298289262756,2.621466782897456,1.1867076129522436,2.371276857669425,1.156508186622159,1679.2291067792307,10.069401369357472,0.0901485019505545
2.291821275788812,2.3381694393398447,1.6124046953813582,2.320198277469057,1.2362342408267997,1681.9046839252812,10.016416131288775,0.11569882269606521
1.066275508496977,2.787480045301213,2.0417943944881043,1.653221733718393,1.2317103849313995,1676.850673109663,8.333513840495602,0.1496697059995326
2.7368771632564366,1.846207729885103,1.9588935741023847,2.974016139724899,1.7590428239647957,1690.772529402792,11.014873587838053,0.11893112530507485
2.376531475061423,2.3916061638436057,1.4062305252118676,2.336599710772589,2.9487425480082257,1689.0439630723126,10.386317986660462,0.08676214800617364
2.678694799881132,2.164717352631871,1.072233785721779,2.4648351509575543,1.0129476235238597,1680.067780975018,10.12739809170341,0.10129333074892052
1.9389488773602994,2.1541435994507747,1.7827319770289283,2.807851364573546,2.6452341695932478,1691.4675239309033,11.160736444242843,0.10019834077930007
2.271008182785395,2.4187626348859212,1.4743242787688833,1.7596279933359227,1.5255788436534379,1678.372824277837,9.177210271974504,0.11285729252062296
2.0431164790279364,2.506213772769893,2.994911239458035,2.0058077759066477,2.9085826728553026,1693.049485009254,8.902463217533885,0.14828992551915587
2.5735906548654754,2.1004918125581655,2.1259713146905685,1.013983013287454,2.7956946062120354,1681.2265566801345,8.596759084242478,0.1520064108371118
1.9345709411226313,2.391417835535466,2.5057116408785194,2.059512547692541,1.0389343355327063,1682.3755720519894,9.14351003088608,0.16451804663276814
1.0101222983801381,2.5899514918854516,2.5839560323462045,1.9904681450108053,1.6479389708506047,1683.1954052808944,8.789709488203858,0.1604025973795565
2.2682425326059668,1.3059376139650791,2.359699985729239,2.1045337308760073,1.3218561509708222,1681.5828579550505,9.680384753103546,0.11984415194946593
1.7180056784676254,2.218359250606145,1.5693121014072662,1.051124944298833,1.6827427943385542,1672.267571341411,8.105215283056934,0.1361061483378101
1.4681082725075212,2.4968560995502287,2.9564439518881556,2.2997279421772623,2.1623635171053888,1690.440869768005,9.272391495670838,0.15182250359064606
2.2607353655680456,2.4983011729504154,2.649964607578469,2.5769914290354508,2.5151444709895507,1694.6252678483756,10.181658908898568,0.12423335727590565
1.750449666434367,1.161206713611091,1.2843084344873168,1.847619846806531,2.4603244400708633,1678.2020857004504,9.834366739574449,0.07622456803731209
2.143839394146872,2.3074934423438993,1.1480956447205262,2.7493568910065793,1.743594291328838,1684.9377021846442,10.88019780323489,0.09459803335630912
1.401323891318863,1.493338752214476,1.3869957119255176,2.973371428661628,1.2175610656821843,1681.7741038301679,11.377009386024525,0.10859421699962873
2.9201368112763633,2.0810648610877314,2.065248145641317,1.215356633335888,1.8551473337961584,1679.0847805682968,8.725654962435565,0.15661768307596094
1.9851990559334514,1.584359438635759,1.792796704351898,2.523441049103927,1.4808104238816147,1682.9148446510094,10.508275602137754,0.11196492100064062
2.756013602743239,2.696417873737156,2.4071666234973437,2.366232372936646,1.9576351697775844,1691.0319339137352,9.792400733292666,0.13039016212602647
1.6562801278106631,2.3201786103597133,1.1733072693668902,1.6041059751304314,1.5956822043043133,1674.4310213276594,8.828779197687794,0.10016442311494995
1.3396331274207374,1.473371944106566,1.3992794619674582,2.2355721477967627,1.7044046230789163,1678.1109728308002,10.117505172769963,0.09439873261005866
1.2661068911211244,1.8647670131044172,2.912117681988576,2.077997696405254,1.6891117452743771,1684.4736056132147,8.958611874702475,0.14920246149052593
2.704067262406067,1.871291492159973,1.5613105096508508,1.381307261909125,1.4615464075104216,1675.313409080336,9.007761224044934,0.1280298518778798
2.4723292892935422,1.2581142033440114,1.700424895302514,1.7543664632224008,2.44166964473017,1681.2268293868706,9.831133916863418,0.09399017863717625
2.7496480978198994,2.4380769405675355,2.0120889894052003,2.25033429252793,2.1932514568476362,1688.767002043955,9.936096337827298,0.11736225384567173
2.555047590534861,2.847153314585359,1.020491165140663,1.4535326292596968,2.6153583905106856,1680.4561456398021,8.761909293693689,0.06950765234035744
1.767486023509008,2.4963532317117103,1.879004735548722,2.838472587998245,1.2065184680866272,1686.1233917806826,10.981954860624578,0.11907234682578033
1.3376389006780174,2.6272838948707897,2.2694278276071174,1.8241782585654422,1.966839128189642,1682.7541335118262,8.802743472148835,0.1443349234889208
1.9483533475628623,1.9483630009244313,2.9095568786336505,1.646492490935941,2.884787287955791,1688.260357265687,8.616309128829698,0.14584499620233926
2.1527581216061478,1.959175055292662,2.2082628369002952,2.703420378711303,1.0204798977342164,1685.4168489581411,10.49090440445842,0.13534289261342686
1.6854108856523036,1.7278524586338393,1.3196056593670613,2.1968430590427426,1.6581477864322558,1678.647809917785,10.032952683954242,0.10057717298466964
2.931937633035372,1.4558403342944495,2.652579759144312,1.0215868903898293,1.1855402571764306,1675.8643687223523,8.423999103810322,0.18254974442831826
2.646085145817865,1.5364734386504837,2.108376144284228,1.429944370363732,1.224695001156209,1676.2188996438083,9.012143695263811,0.1442676664268512
1.0212157940584925,2.3064331722564946,2.4762528589253154,1.2555917060821684,1.5045650374711916,1675.7580281322303,7.58103044492159,0.18526664747610763
1.7648834968172982,1.0735934758152534,1.5607684140522267,2.9708439790489534,1.5988598031055152,1684.1299622208298,11.33835054696447,0.09510662461042654
2.7003447174794366,2.8259422562774903,2.2405468619542397,1.1106918547254183,2.707534540834434,1684.0872248940395,8.200972529461104,0.15838361958941338
1.5319926865497926,1.1069972264107852,1.619264145050519,1.438362455990177,2.0428322085380595,1674.0712579179533,9.210113859115195,0.08504944510116588
2.858481788697678,1.103035523853368,2.3979292753133636,2.826493987598659,1.0688163667976327,1687.1247560289335,10.359966435217274,0.1132054866527146
2.5002982415400883,2.3263136969235667,1.4272838694792944,2.8193288080247862,1.5074899755895315,1686.5854795565547,10.893163322129471,0.10520863879455276
2.1260447701180496,1.3046977124629728,2.6265807452406396,2.993305205618489,2.330002342426731,1693.818894244012,10.932865094196812,0.09076587978502029
1.6009944466557249,1.039167934962122,2.4318267752585294,1.827869667958578,1.853664107867126,1679.9535194488853,9.376799587691004,0.0924114539411743
1.2997186463773784,2.014132718560586,2.0612051806947878,1.7503256481213874,1.684605405457001,1678.4617979119068,8.971615734085827,0.1346254619679949
1.5776349472396298,2.2521510969112115,2.2287736195385786,2.0704722520886802,1.4086627434234336,1681.6775984120113,9.403438159276941,0.14264688063332878
1.6269949247125328,1.0899287921734409,1.976666443236625,2.2272698327623512,1.6536102514177935,1680.2455902365377,10.120723256165432,0.08877175592914233
1.0291701210226178,2.0297995294047784,2.6986399750694035,2.6660659498260277,2.878310785506147,1693.1626211192254,10.348671147175075,0.10661952409617113
1.041788849325596,2.4675642006102168,2.2758053369531916,1.3822334405797092,2.0915161214047187,1678.8581241190154,7.912819479496424,0.15984237114045474
2.3998130746671,1.7930272899113175,2.9250974867980157,1.3106169719341512,1.138613216432408,1678.6606272481818,8.0714095471143,0.1982142010054883
2.203289641808388,2.8693114658460477,2.335511037880362,1.7655262023464358,1.1931140375321783,1681.7581171265633,8.64363976268716,0.1609788642126635
1.6019065135179327,1.6549166618590685,1.6378293715449417,2.574482491042553,2.608366904497026,1686.885550951976,10.795455289142856,0.09378144646675957
1.1295803276956111,2.225533398672719,2.9454054299509966,2.7452284635422606,1.7484185524271223,1690.557755432664,10.175742973180508,0.14074830749971073
1.4610851914651197,2.047825028306142,2.0082001381775556,2.4487544798989105,1.2371790424368465,1682.0773650877798,10.22279617679941,0.12737275088684405
1.9911355640960997,2.4954830380049633,2.450141937396673,2.6331965969379683,1.205471439858591,1687.6683661254324,10.236391990559042,0.1428123751796863
2.8087145946440115,1.3538568393175021,1.782213078812676,2.8366062854747875,2.47471005706264,1691.1193882080252,11.015042152895024,0.09935420700829706
1.740974859524789,1.9866752766723152,1.855324607889637,1.807775860460474,1.665977701008943,1678.8581743441814,9.282901237472732,0.1261432095438789
2.339497307678818,1.147055388806779,2.1949882417056887,1.2849942584785676,1.6035519041933828,1675.556616417408,9.069182088910823,0.12114798546408802
2.7269900733517023,1.508666190275555,1.2837237571444096,1.9057580071225642,1.7518279319769579,1678.6001235940078,9.778553225893443,0.10214755669893852
1.9653871946655963,2.994478242764061,2.338743550357931,2.5683704482294547,1.0512785860287843,1687.0697499119624,10.10855922491789,0.13352564418099072
2.308739834499438,1.5922740587679984,1.6564294556350545,2.3484445080298526,1.1035995808232948,1680.0408244890548,10.170586871238147,0.11684511232727626
1.5853974399663675,2.1055833958499286,1.090260363192682,2.275933123666108,1.4644902721280613,1677.9890423713307,10.011047639841811,0.09550683605128905
2.0537290838234514,1.1860300487943654,1.3542814956256481,1.3483138877525114,2.00755619969776,1673.4215175518532,9.293053306189803,0.08934966015130053
1.9807557065717813,2.191126003618347,1.4172475352324427,1.0814866333826307,1.7327845751737463,1672.5863768328634,8.309196487758825,0.12580299227039712
1.1115775932500955,1.6083996897451707,2.786704646772588,2.2803693203165203,2.6232526723803966,1688.6661172337408,9.564497660172641,0.10449779381159537
1.1692733684224146,2.956312498314041,1.3132625281252814,2.1184134255768914,2.2165699144125233,1682.1373293761444,9.526065350834058,0.07636849583401627
1.4873346302889134,2.6768941621299036,2.458591889874378,1.772003912618977,2.8936203559161973,1687.8133121336734,8.730438869778283,0.13809931044153592
1.1099301257413339,1.9235093660100766,1.776108242383119,2.547787508279992,1.9916726095471697,1684.027172465302,10.564905082927101,0.1062851251067614
1.8033388235048782,2.443703344919582,1.3681461891460367,2.3846070428080877,1.6762752472471023,1682.3403577700078,10.22368936018376,0.09784487219116253
1.543529695284189,1.5039435822737885,1.0115202586233867,1.3825144178635898,1.7572474312449815,1670.5396837274543,8.855226329246985,0.08803129628999835
2.8500303158746103,2.3028268003722516,1.6671836368508506,2.0936946644848202,2.6291817691376584,1687.8467669192014,9.945761777537157,0.10352542957119511
1.5068711297864805,1.3523792913233268,2.3351248568220413,1.4133295959718413,1.7558212792924848,1676.3803012962235,8.72584069149647,0.12489665506774576
1.5056377440799718,1.7895055163719842,2.3417297897667746,2.1208140951604406,2.128190188122977,1684.544581785952,9.636252568970393,0.12077220660717186
2.0070247772032053,2.4382049187944888,1.6935944906050482,1.1576652215925822,2.5289467808189348,1678.6204768146586,8.376473150233306,0.1293504878009218
1.9111342323234088,1.3286895680773354,2.367897953258071,2.0941433145837154,1.0727631041210022,1679.6411475611592,9.605098171654394,0.12315199439997465
1.1132203690981581,1.429855961652557,2.552490397028869,1.5213836186192444,2.9811624276311894,1682.9197383574128,8.614112514947225,0.10509234310506103
2.5619543744191815,1.2296328905752163,2.5895310822115274,1.789833343542059,1.407917998336214,1681.1016946823395,9.217531705766639,0.12842013831623836
2.6010214233197697,2.58883833757502,2.5604520408836065,1.3265592845646401,2.1409461198004904,1683.9062394322068,8.239684763073143,0.17879367425734163
2.9645244430806277,2.7460827207531433,1.0044201306087563,2.8560863336132063,2.913623426977973,1693.2719851525749,11.0792043118501,0.06150681318687759
